match_id,timestamp,team_a_name,team_b_name,team_a_historical_acs_ema,team_a_historical_kast_ema,team_a_historical_duel_diff,team_a_historical_avg_loadout,team_b_historical_acs_ema,team_b_historical_kast_ema,team_b_historical_duel_diff,team_b_historical_avg_loadout,map_1_name,map_1_veto_weight,map_2_name,map_2_veto_weight,map_3_name,map_3_veto_weight
248270,2023-08-17 05:00:00,FNATIC,LOUD,204.74,0.702,0.0020000000000000018,20000.0,210.08,0.71,0.013999999999999999,20000.0,Ascent,-1,Lotus,0,None,0
248271,2023-08-17 07:25:00,Paper Rex,FUT Esports,200.0,0.7,0.0,20000.0,200.0,0.7,0.0,20000.0,Ascent,-1,Pearl,1,None,0
248272,2023-08-18 05:00:00,KIWOOM DRX,Bilibili Gaming,200.0,0.7,0.0,20000.0,200.0,0.7,0.0,20000.0,Lotus,0,Haven,0,None,0
656692,2026-04-21 06:00:00,Nightblood Gaming,Division One,203.85999999999999,0.708,2.7755575615628915e-18,20000.0,207.35999999999999,0.6940000000000001,0.0019999999999999935,20000.0,Breeze,0,Haven,0,Bind,0
656693,2026-04-21 06:00:00,NRG Academy,SaD Esports,201.88,0.716,0.0020000000000000044,20000.0,203.68,0.71,2.7755575615628915e-18,20000.0,Lotus,-1,Bind,1,None,0
650940,2026-04-21 08:00:00,STREAMER ARENA,Chivas Esports,198.84,0.692,-0.006,20000.0,188.54000000000002,0.6900000000000001,-0.004000000000000001,20000.0,Breeze,0,Bind,0,Split,0
656694,2026-04-21 09:15:00,Alliance Guardians,Pigeons,198.84,0.71,-0.003999999999999998,20000.0,205.0,0.696,-0.001999999999999999,20000.0,Lotus,0,Split,0,Haven,0
650945,2026-04-21 11:00:00,LAZER,FUEGO,200.0,0.7,0.0,20000.0,200.0,0.7,0.0,20000.0,Haven,0,Breeze,0,None,0
660487,2026-04-21 23:00:00,theodore,555,200.0,0.7,0.0,20000.0,200.0,0.7,0.0,20000.0,Bind,0,Lotus,0,None,0
660439,2026-04-21 23:00:00,NAOS,NU BULLDOGS,199.18,0.702,-0.001999999999999999,20000.0,200.0,0.7,0.0,20000.0,Fracture,0,Haven,0,None,0
659581,2026-04-21 23:00:00,Unsigned5,XLB,200.0,0.7,0.0,20000.0,200.0,0.7,0.0,20000.0,Split,0,Fracture,0,None,0
659565,2026-04-21 23:00:00,Alter Ego,Nomads,200.0,0.7,0.0,20000.0,200.0,0.7,0.0,20000.0,Pearl,0,Haven,0,None,0
650497,2026-04-22 01:00:00,DNSTY,Barça eSports,200.0,0.7,0.0,20000.0,200.0,0.7,0.0,20000.0,Split,0,Fracture,0,Haven,0
657968,2026-04-22 01:00:00,Enterprise Esports,MIR,200.0,0.7,0.0,20000.0,200.0,0.7,0.0,20000.0,Lotus,0,Split,0,Pearl,0
655323,2026-04-22 02:00:00,eSports Cologne,Eintracht Frankfurt,200.0,0.7,0.0,20000.0,200.0,0.7,0.0,20000.0,Split,0,Lotus,0,None,0
657969,2026-04-22 03:30:00,Natus Vincere Junior,Team Liquid Academy,200.0,0.7,0.0,20000.0,200.0,0.7,0.0,20000.0,Split,0,Pearl,0,None,0
650922,2026-04-22 05:00:00,Melser Kindergarten,OXEN,198.18,0.716,0.008000000000000004,20000.0,200.0,0.7,0.0,20000.0,Split,0,Lotus,0,None,0
655324,2026-04-22 05:00:00,AKA HERO,Dortmund eSports,200.0,0.7,0.0,20000.0,200.0,0.7,0.0,20000.0,Lotus,0,Pearl,1,Split,0
656695,2026-04-22 06:00:00,QoR,Azure Dragon Gaming,203.5,0.726,0.0040000000000000036,20000.0,215.66,0.702,0.006,20000.0,Fracture,1,Breeze,-1,Bind,0
650927,2026-04-22 08:00:00,KRÜ BLAZE,University War,200.0,0.7,0.0,20000.0,200.0,0.7,0.0,20000.0,Bind,0,Split,0,None,0
656696,2026-04-22 09:00:00,Evil Geniuses Academy,Shopify Rebellion Black,209.32,0.708,0.0020000000000000044,20000.0,207.71999999999997,0.726,0.014000000000000007,20000.0,Split,-1,Lotus,1,None,0
644728,2026-04-23 01:00:00,Eternal Fire,PCIFIC Esports,190.42000000000002,0.688,-0.012,20000.0,203.5,0.706,0.001999999999999999,20000.0,Split,0,Fracture,1,Lotus,0
644729,2026-04-23 04:10:00,Natus Vincere,Team Liquid,201.5,0.71,0.001999999999999999,20000.0,200.0,0.7,0.0,20000.0,Bind,-1,Split,0,Lotus,0
661041,2026-04-23 06:00:00,Azure Dragon Gaming,Pigeons,191.6,0.642,-0.011111111111111106,4800.0,207.4,0.7586666666666667,0.02777777777777778,20000.0,Fracture,0,Breeze,1,None,0
661042,2026-04-23 06:00:00,Shopify Rebellion Black,Nightblood Gaming,180.0,0.665,-0.020833333333333336,3600.0,208.66666666666666,0.726,-0.019444444444444448,20000.0,Split,1,Haven,0,None,0
650941,2026-04-23 08:00:00,Tezcat Gaming,Chivas Esports,206.2,0.702,0.0040000000000000036,20000.0,206.33333333333334,0.7673333333333333,0.030555555555555558,20000.0,Haven,0,Split,0,Bind,0
661043,2026-04-23 08:00:00,NRG Academy,Division One,207.0,0.769,0.05833333333333333,4400.0,205.4,0.6846666666666666,0.01944444444444444,20000.0,Bind,1,Lotus,0,None,0
650946,2026-04-23 11:00:00,AB3 Esports,FUEGO,200.0,0.6999999999999998,0.0,20000.0,205.8,0.784,0.01666666666666667,4600.0,Pearl,0,Haven,0,None,0
644730,2026-04-24 01:00:00,GIANTX,FNATIC,200.0,0.7,0.0,20000.0,196.45999999999998,0.694,-0.002000000000000003,20000.0,Haven,0,Bind,0,Breeze,0
644731,2026-04-24 04:00:00,Karmine Corp,FUT Esports,203.78,0.706,0.004000000000000001,20000.0,200.0,0.7,0.0,4600.0,Haven,1,Lotus,-1,Bind,0
650923,2026-04-24 05:00:00,9z Globant,BESTIA,199.95999999999998,0.6839999999999999,-0.007999999999999997,20000.0,228.5,0.8699999999999999,0.075,20000.0,Split,0,Lotus,0,Breeze,0
650928,2026-04-24 08:00:00,ShindeN,University War,198.44,0.704,0.004000000000000001,20000.0,233.5,0.8280000000000001,0.03333333333333334,3600.0,Lotus,0,Split,0,None,0
644671,2026-04-24 18:00:00,Rex Regum Qeon,FULL SENSE,200.0,0.7,0.0,20000.0,200.0,0.7,0.0,20000.0,Pearl,1,Haven,-1,Fracture,0
644672,2026-04-24 21:00:00,Paper Rex,Global Esports,235.0,0.767,0.025,5000.0,200.0,0.7,0.0,20000.0,Split,-1,Pearl,1,None,0
644732,2026-04-25 01:00:00,Gentle Mates,Team Heretics,200.52,0.706,0.0,20000.0,200.0,0.7,0.0,20000.0,Fracture,0,Lotus,-1,None,0
644733,2026-04-25 03:10:00,BBL Esports,Team Vitality,200.0,0.7,0.0,20000.0,190.2,0.6569999999999999,0.012500000000000002,20000.0,Lotus,-1,Haven,1,Breeze,0
645486,2026-04-25 07:00:00,LEVIATÁN,ENVY,210.01999999999998,0.732,0.02,20000.0,206.68,0.718,0.006000000000000003,20000.0,Bind,-1,Fracture,1,None,0
645487,2026-04-25 08:40:00,G2 Esports,LOUD,218.24,0.724,0.011999999999999993,20000.0,205.18,0.716,0.014666666666666666,5200.0,Haven,1,Pearl,-1,None,0
644673,2026-04-25 18:00:00,Gen.G,KIWOOM DRX,200.0,0.7,0.0,20000.0,203.1,0.7289999999999999,0.01666666666666667,20000.0,Haven,1,Pearl,0,Lotus,0
644674,2026-04-25 21:35:00,DetonatioN FocusMe,VARREL,202.48,0.688,-0.0020000000000000018,20000.0,200.0,0.7,0.0,20000.0,Lotus,0,Haven,0,Fracture,0
649780,2026-04-25 23:00:00,Caldya Esport,Mandatory,200.0,0.7,0.0,20000.0,199.82,0.71,-0.0020000000000000018,20000.0,Pearl,0,Fracture,0,None,0
661065,2026-04-26 00:30:00,FUT Esports Academy,Eternal Fire Passion,200.0,0.7,0.0,20000.0,196.52,0.6839999999999999,-0.012,20000.0,Haven,0,Pearl,0,Fracture,0
661066,2026-04-26 03:30:00,Misa Esports,Galatasaray Esports,200.0,0.7,0.0,20000.0,200.0,0.7,0.0,20000.0,Lotus,0,Breeze,0,None,0
649784,2026-04-27 01:00:00,Galions,Nuxeria Esport,200.0,0.7,0.0,20000.0,200.0,0.7,0.0,20000.0,Lotus,0,Pearl,0,None,0
655327,2026-04-27 01:00:00,Dortmund eSports,RIZON,199.4,0.6866666666666668,-0.038888888888888896,20000.0,200.0,0.7,0.0,20000.0,Breeze,0,Haven,0,Pearl,0
662237,2026-04-27 02:00:00,RAFHA eSPORTS,Ghools Esports,200.0,0.7,0.0,20000.0,200.0,0.7,0.0,20000.0,Pearl,0,Haven,0,None,0
649785,2026-04-27 03:00:00,Mandatory,Joblife,237.2,0.7929999999999999,0.05,20000.0,200.0,0.7,0.0,20000.0,Breeze,0,Lotus,0,Haven,0
663048,2026-04-27 03:00:00,KPI Gaming,Melilla Titans,200.0,0.7,0.0,20000.0,200.0,0.7,0.0,20000.0,Lotus,-1,Breeze,1,None,0
661072,2026-04-27 03:30:00,Galatasaray Esports,Dark Passage,197.8,0.683,-0.012500000000000002,20000.0,200.0,0.7,0.0,20000.0,Pearl,-1,Split,0,None,0
659571,2026-04-27 21:00:00,Be Good,La Familia,197.48,0.6859999999999999,-0.006,20000.0,195.56,0.692,-0.006,20000.0,Bind,0,Haven,0,None,0
659572,2026-04-27 22:50:00,Nomads,Hive,185.41666666666666,0.645,-0.03,20000.0,200.0,0.7,0.0,20000.0,Split,-1,Pearl,0,None,0
660494,2026-04-28 00:00:00,theodore,NongKaiTod,183.5,0.6733333333333333,-0.01736111111111111,4600.0,200.0,0.7,0.0,20000.0,Lotus,-1,Bind,1,None,0
661067,2026-04-28 00:30:00,Beşiktaş Esports,FUT Esports Academy,200.0,0.7,0.0,20000.0,204.4,0.7426666666666667,-0.005405405405405406,20000.0,Fracture,0,Lotus,0,Split,0
660445,2026-04-28 00:30:00,Homeless,NU BULLDOGS,200.0,0.7,0.0,20000.0,194.5,0.651,-0.014285714285714287,6600.0,Lotus,0,Split,-1,None,0
659588,2026-04-28 00:30:00,XLB,Game On,192.5,0.6990000000000001,-0.03333333333333334,4400.0,200.0,0.7,0.0,20000.0,Haven,1,Split,-1,None,0
657975,2026-04-28 01:00:00,Team Liquid Academy,Formulation Gaming,197.7,0.692,0.008333333333333337,4800.0,191.75,0.6948333333333333,-6.938893903907229e-19,20000.0,Lotus,0,Pearl,0,None,0
663049,2026-04-28 01:00:00,DNSTY,Ramboot Club,197.5,0.7175,0.0020833333333333272,20000.0,200.0,0.7,0.0,20000.0,Pearl,0,Haven,0,Lotus,0
663050,2026-04-28 01:00:00,Otakar Esports,Falke Esports,200.0,0.7,0.0,20000.0,200.0,0.7,0.0,20000.0,Lotus,0,Split,0,None,0
661068,2026-04-28 03:30:00,REBORN,Misa Esports,200.0,0.7,0.0,20000.0,213.8,0.717,0.0125,4400.0,Haven,0,Split,0,None,0
663051,2026-04-28 04:00:00,Barça eSports,KPI Gaming,189.35,0.7110000000000001,-0.002083333333333337,4600.0,212.1,0.7779999999999999,-0.00833333333333333,4400.0,Haven,0,Bind,0,None,0
663052,2026-04-28 04:00:00,UCAM Esports Club,NOVO Esports,200.0,0.7,0.0,20000.0,200.0,0.7,0.0,20000.0,Lotus,0,Haven,0,Split,0
661106,2026-04-28 06:00:00,M80,Azure Dragon Gaming,216.51999999999998,0.736,0.010000000000000004,20000.0,206.15,0.725,0.02777777777777778,4500.0,Breeze,-1,Fracture,1,None,0
650947,2026-04-28 08:00:00,LYON,FUEGO,203.57999999999998,0.69,-0.006,20000.0,220.5,0.7985,0.04375,3900.0,Haven,0,Split,0,None,0
661105,2026-04-28 08:30:00,YFP,Division One,210.68,0.726,0.007999999999999998,20000.0,225.15,0.7698333333333334,0.034722222222222224,20000.0,Lotus,0,Pearl,1,None,0
650948,2026-04-28 10:00:00,Contra,Tezcat Gaming,198.14000000000001,0.6859999999999999,-0.008000000000000002,20000.0,200.2,0.7300000000000001,0.03333333333333334,20000.0,Bind,0,Lotus,0,Breeze,0
659583,2026-04-28 21:00:00,Motiv Esports,Trinity,200.0,0.7,0.0,20000.0,200.0,0.7,0.0,20000.0,Haven,0,Split,0,Breeze,0
660440,2026-04-28 21:00:00,Oasis Gaming,Jade Lions,200.0,0.7,0.0,20000.0,200.0,0.7,0.0,20000.0,Split,-1,Lotus,1,Haven,0
660489,2026-04-28 21:00:00,Team NKT,Sharper Esports,200.0,0.7,0.0,20000.0,200.0,0.7,0.0,20000.0,Bind,-1,Split,1,None,0
661073,2026-04-29 00:30:00,Misa Esports,Fire Flux Esports,198.15,0.7,0.004249999999999999,4200.0,200.0,0.7,0.0,20000.0,Lotus,0,Haven,0,None,0
657979,2026-04-29 01:00:00,Formulation Gaming,Bitfix Gaming,168.575,0.6744166666666667,-0.013999999999999999,20000.0,200.0,0.7,0.0,20000.0,Bind,0,Lotus,0,Haven,0
661074,2026-04-29 03:30:00,FUT Esports Academy,Galatasaray Esports,198.8,0.7333333333333334,0.0028528528528528538,20000.0,210.05,0.733,-0.0020833333333333346,20000.0,Haven,0,Breeze,0,None,0
663054,2026-04-29 04:00:00,Barça eSports,UCAM Esports Club,212.225,0.7855000000000001,0.02395833333333333,4000.0,183.73333333333335,0.7066666666666667,-0.02777777777777778,5200.0,Pearl,-1,Fracture,1,Bind,0
663058,2026-04-29 04:00:00,NOVO Esports,HGE Esport,199.86666666666665,0.7533333333333333,0.02777777777777778,4800.0,200.0,0.7,0.0,20000.0,Fracture,0,Haven,0,Lotus,0
650934,2026-04-29 05:00:00,LEVIATÁN Academy,University War,200.0,0.7,0.0,20000.0,222.05,0.775,0.025,3800.0,Split,0,Lotus,0,None,0
657980,2026-04-29 05:00:00,BONK,EVOPLAY,200.0,0.7,0.0,20000.0,200.0,0.7,0.0,20000.0,Split,0,Lotus,0,Pearl,0
661107,2026-04-29 06:00:00,Evil Geniuses Academy,QoR,233.1,0.8240000000000001,0.020833333333333336,3600.0,216.33333333333334,0.7793333333333334,0.011111111111111113,4800.0,Fracture,-1,Lotus,1,None,0
650935,2026-04-29 08:00:00,KRÜ SPARK,9z Globant,200.0,0.7,0.0,20000.0,196.61111111111111,0.7133333333333334,0.03009259259259259,20000.0,Pearl,0,Lotus,0,None,0
661108,2026-04-29 08:25:00,FlyQuest,Shopify Rebellion Black,201.9,0.725,-0.004333333333333326,20000.0,199.0,0.7255,0.008333333333333331,4200.0,Split,-1,Lotus,1,None,0
644734,2026-04-30 01:00:00,Team Heretics,FUT Esports,210.1,0.8019999999999999,0.05,3800.0,197.33333333333331,0.73,0.005555555555555559,4600.0,Lotus,1,Split,-1,None,0
644735,2026-04-30 03:10:00,Team Vitality,PCIFIC Esports,188.56666666666666,0.7144999999999999,0.03125,4400.0,201.4,0.7813333333333334,0.02777777777777778,20000.0,Haven,1,Split,0,None,0
661113,2026-04-30 06:00:00,Division One,Azure Dragon Gaming,200.875,0.6919166666666667,-0.0018696581196581221,20000.0,200.875,0.6945,-0.011111111111111108,4666.666666666667,Lotus,0,Breeze,-1,None,0
650949,2026-04-30 08:00:00,LYON,Contra,209.8,0.7070000000000001,-0.004166666666666662,4600.0,201.33333333333331,0.7313333333333333,0.025,20000.0,Bind,0,Lotus,0,Haven,0
661114,2026-04-30 08:05:00,QoR,FlyQuest,203.51666666666665,0.7541666666666667,0.007638888888888887,4800.0,182.55,0.687,-0.011063218390804593,7000.0,Lotus,1,Bind,-1,Pearl,0
644736,2026-05-01 01:00:00,Natus Vincere,Karmine Corp,188.66666666666666,0.6606666666666666,-0.01666666666666667,20000.0,195.8,0.686,-0.00555555555555555,4600.0,Lotus,-1,Breeze,0,None,0
644737,2026-05-01 03:10:00,BBL Esports,FNATIC,187.53333333333336,0.6606666666666666,-0.02777777777777778,4400.0,198.21666666666667,0.6786666666666668,-0.01388888888888889,20000.0,Haven,1,Fracture,0,None,0
650936,2026-05-01 05:00:00,University War,KRÜ SPARK,224.075,0.7855,0.04583333333333334,4066.6666666666665,207.3,0.705,0.04166666666666667,20000.0,Breeze,0,Bind,0,Pearl,0
661110,2026-05-01 06:00:00,Evil Geniuses Academy,Shopify Rebellion Black,218.65,0.7769999999999999,0.008333333333333331,4200.0,211.0,0.77425,0.0076149425287356295,5133.333333333333,Haven,-1,Lotus,1,Pearl,0
661109,2026-05-01 09:35:00,YFP,M80,215.8,0.7889999999999999,0.03861538461538462,4200.0,218.2,0.8039999999999999,0.05,5000.0,Fracture,-1,Lotus,1,None,0
644677,2026-05-01 18:00:00,Gen.G,Team Secret,200.86666666666665,0.7226666666666667,-0.009523809523809528,3600.0,200.0,0.7,0.0,20000.0,Split,-1,Lotus,1,Breeze,0
659474,2026-05-01 19:00:00,Xi Lai Gaming,Wuxi Titan Esports Club,200.0,0.7,0.0,20000.0,199.16,0.6839999999999999,-0.001999999999999999,20000.0,Breeze,0,Lotus,1,None,0
644678,2026-05-01 21:20:00,VARREL,ZETA DIVISION,187.93333333333334,0.72,0.013888888888888886,20000.0,200.0,0.7,0.0,20000.0,Bind,0,Breeze,-1,Fracture,0
659475,2026-05-01 21:20:00,JD Mall JDG Esports,TYLOO,196.6,0.704,-0.001999999999999999,20000.0,200.0,0.7,0.0,20000.0,Haven,1,Fracture,-1,Pearl,0
644738,2026-05-02 01:00:00,GIANTX,Eternal Fire,196.53333333333336,0.7226666666666667,0.03333333333333334,20000.0,189.0,0.6793333333333333,-0.027777777777777783,4800.0,Split,0,Breeze,-1,None,0
644739,2026-05-02 03:05:00,Gentle Mates,Team Liquid,177.1,0.667,-0.05,20000.0,201.86666666666667,0.7093333333333333,0.016666666666666663,4600.0,Split,0,Lotus,1,None,0
645492,2026-05-02 07:00:00,Evil Geniuses,NRG,207.18,0.708,0.0040000000000000036,20000.0,208.5,0.738,0.0040000000000000036,20000.0,Fracture,1,Pearl,-1,None,0
645493,2026-05-02 09:20:00,LEVIATÁN,MIBR,233.7,0.851,0.041666666666666664,3400.0,219.24,0.744,0.02466666666666667,20000.0,Breeze,-1,Haven,1,None,0
644679,2026-05-02 18:00:00,T1,FULL SENSE,206.9,0.723,0.016666666666666663,20000.0,184.66666666666666,0.6593333333333333,-0.008333333333333331,4800.0,Pearl,-1,Bind,1,Breeze,0
659476,2026-05-02 19:00:00,All Gamers,Trace Esports,200.0,0.7,0.0,20000.0,200.0,0.7,0.0,20000.0,Split,-1,Lotus,1,None,0
644680,2026-05-02 21:10:00,Nongshim RedForce,Global Esports,186.0,0.702,-0.004166666666666667,20000.0,177.9,0.633,-0.03749999999999999,3200.0,Breeze,0,Bind,-1,Haven,0
659477,2026-05-02 21:10:00,EDward Gaming,Dragon Ranger Gaming,200.0,0.7,0.0,20000.0,200.0,0.7,0.0,20000.0,Lotus,-1,Split,0,Breeze,0
645494,2026-05-03 07:00:00,KRÜ Esports,100 Thieves,197.7,0.692,-0.024999999999999998,20000.0,217.24,0.73,0.011999999999999997,20000.0,Bind,-1,Haven,1,Split,0
645495,2026-05-03 10:00:00,FURIA,Sentinels,216.34,0.716,0.015999999999999993,20000.0,215.11999999999998,0.726,0.016,20000.0,Split,1,Breeze,-1,Haven,0
657981,2026-05-03 23:00:00,Bitfix Gaming,BONK,209.06666666666666,0.7459999999999999,0.024324324324324326,20000.0,208.73333333333335,0.7393333333333333,-0.01388888888888889,20000.0,Split,0,Lotus,0,Haven,0
645496,2026-05-04 07:00:00,LOUD,Cloud9,201.9,0.692,0.016666666666666666,5000.0,224.35999999999999,0.75,0.007846153846153845,20000.0,Lotus,1,Split,0,Breeze,0
645497,2026-05-04 10:00:00,G2 Esports,ENVY,215.5,0.761,0.02083333333333334,4400.0,169.8,0.602,-0.041666666666666664,3800.0,Haven,1,Lotus,-1,None,0
659478,2026-05-04 19:00:00,Xi Lai Gaming,JD Mall JDG Esports,215.0,0.753,0.03333333333333334,20000.0,214.93333333333334,0.7693333333333333,-4.163336342344337e-18,20000.0,Lotus,1,Pearl,-1,None,0
660495,2026-05-04 21:00:00,XGOD,XOXO-01,200.0,0.7,0.0,20000.0,200.0,0.7,0.0,20000.0,Breeze,1,Bind,-1,Haven,0
660479,2026-05-04 21:00:00,Da Nang GrandStand,Sushifly,200.0,0.7,0.0,20000.0,200.0,0.7,0.0,20000.0,Haven,0,Split,0,Bind,0
660446,2026-05-04 21:00:00,HARU Esports,Zorvex,200.0,0.7,0.0,20000.0,200.0,0.7,0.0,20000.0,Breeze,0,Split,1,None,0
659589,2026-05-04 21:00:00,Rival Esports,Breakpoint,200.0,0.7,0.0,20000.0,200.0,0.7,0.0,20000.0,Lotus,0,Breeze,0,None,0
659573,2026-05-04 21:00:00,Kertanegara Esports,La Familia,200.0,0.7,0.0,20000.0,236.8,0.845,0.05416666666666666,20000.0,Haven,0,Breeze,0,None,0
659479,2026-05-04 21:00:00,All Gamers,EDward Gaming,222.6,0.7,0.0,20000.0,211.4,0.75,1.3877787807814458e-18,20000.0,Fracture,0,Lotus,1,None,0
659574,2026-05-04 23:00:00,NEVERLAND713,Nomads,200.0,0.7,0.0,20000.0,214.35,0.72,0.0012307692307692345,20000.0,Fracture,0,Bind,0,None,0
659590,2026-05-04 23:00:00,Motiv Esports,XLB,209.2,0.726,0.005405405405405406,20000.0,206.8,0.741,-0.01458333333333334,4000.0,Breeze,-1,Split,0,Haven,0
660447,2026-05-04 23:00:00,Jade Lions,NU BULLDOGS,176.06666666666666,0.644,-0.025,4600.0,204.8,0.678,-0.01547619047619048,5800.0,Lotus,-1,Fracture,1,Split,0
660480,2026-05-04 23:00:00,Biet Doi Ban Sung,VNSport,200.0,0.7,0.0,20000.0,200.0,0.7,0.0,20000.0,Bind,0,Breeze,0,Split,0
660496,2026-05-04 23:00:00,Team NKT,NongKaiTod,190.2,0.6940000000000001,0.0,5200.0,216.9,0.751,0.0,5200.0,Haven,1,Lotus,-1,None,0
657970,2026-05-05 01:00:00,MIR,Natus Vincere Junior,188.2,0.7086666666666666,-0.02777777777777778,5200.0,218.7,0.75,-0.025,4800.0,Breeze,0,Fracture,0,None,0
663062,2026-05-05 01:00:00,Ramboot Club,KPI Gaming,206.53333333333336,0.7393333333333334,0.02105263157894737,20000.0,183.7,0.6759999999999999,-0.029166666666666667,3700.0,Split,0,Lotus,0,Haven,0
661076,2026-05-05 01:30:00,Beşiktaş Esports,Misa Esports,192.66666666666669,0.7486666666666666,-0.011111111111111117,20000.0,203.425,0.7190000000000001,-0.015874999999999997,4600.0,Bind,0,Split,0,Lotus,0
664806,2026-05-05 02:00:00,Gamax Esports,Ghools Esports,200.0,0.7,0.0,20000.0,213.6,0.7060000000000001,0.01666666666666667,20000.0,Breeze,0,Haven,0,Lotus,0
663063,2026-05-05 03:30:00,Barça eSports,Falke Esports,197.2125,0.73675,0.003645833333333331,3933.3333333333335,185.0,0.677,-0.008333333333333337,20000.0,Haven,0,Bind,0,None,0
664807,2026-05-05 04:30:00,BAAM Esports,Team RA'AD,200.0,0.7,0.0,20000.0,200.0,0.7,0.0,20000.0,Breeze,0,Haven,0,Ascent,0
659484,2026-05-05 21:00:00,All Gamers,TYLOO,208.25,0.6990000000000001,-2.0816681711721684e-18,20000.0,191.8,0.6926666666666667,-1.3877787807814458e-18,20000.0,Fracture,-1,Haven,1,Split,0
659569,2026-05-05 21:00:00,BOOM Esports,Alter Ego,193.02,0.6819999999999999,-0.01,20000.0,240.8,0.8230000000000001,0.03600000000000001,5200.0,Lotus,0,Fracture,-1,None,0
659591,2026-05-05 21:00:00,Rival Esports,XLB,232.8,0.8099999999999999,0.029166666666666664,20000.0,208.46666666666664,0.7471666666666666,-0.001736111111111116,3933.3333333333335,Haven,-1,Lotus,0,Breeze,0
660442,2026-05-05 21:00:00,Oasis Gaming,NAOS,212.46666666666664,0.7793333333333333,0.025,4600.0,213.1,0.73,0.01428571428571429,6600.0,Split,-1,Pearl,1,None,0
660475,2026-05-05 21:00:00,Fancy United Esports,God Chosen,200.0,0.7,0.0,20000.0,200.0,0.7,0.0,20000.0,Split,-1,Lotus,0,Haven,0
657977,2026-05-06 01:00:00,Team Liquid Academy,Enterprise Esports,214.15,0.717,0.01816666666666667,5100.0,205.6,0.76,0.02777777777777778,20000.0,Pearl,0,Lotus,0,Fracture,0
649791,2026-05-06 02:00:00,Mandatory,WIP Esports,223.43333333333334,0.7635,0.02222222222222222,20000.0,200.0,0.7,0.0,20000.0,Pearl,0,Fracture,0,Breeze,0
663064,2026-05-06 03:00:00,Ramboot Club,Barça eSports,204.06666666666666,0.7463333333333334,0.020248538011695908,20000.0,198.90625,0.734875,0.0018229166666666665,4066.6666666666665,Fracture,0,Pearl,0,None,0
664044,2026-05-06 04:30:00,AlQadsiah Esports,VillianArc,200.0,0.7,0.0,20000.0,200.0,0.7,0.0,20000.0,Lotus,0,Haven,0,None,0
661111,2026-05-06 06:00:00,M80,Shopify Rebellion Black,218.3,0.7885,0.0423076923076923,4500.0,204.66666666666666,0.7624583333333333,0.010564228021124573,5466.666666666667,Split,-1,Pearl,1,None,0
668470,2026-05-06 06:00:00,Team Solid,TBK Esports,200.0,0.7,0.0,20000.0,200.0,0.7,0.0,20000.0,Lotus,0,Fracture,0,Bind,0
668471,2026-05-06 06:00:00,PEEK,ABACATUDOS,200.0,0.7,0.0,20000.0,200.0,0.7,0.0,20000.0,Fracture,0,Haven,0,None,0
661117,2026-05-06 08:10:00,Division One,FlyQuest,208.9375,0.7114583333333333,0.01506517094017094,20000.0,198.10833333333332,0.7344999999999999,0.006968390804597703,5800.0,Breeze,0,Pearl,-1,Bind,0
668472,2026-05-06 09:00:00,FURIA Academy,F4TALITY,200.0,0.7,0.0,20000.0,200.0,0.7,0.0,20000.0,Split,0,Lotus,0,Haven,0
660481,2026-05-06 21:00:00,1Tap Esports,Da Nang GrandStand,200.0,0.7,0.0,20000.0,211.46666666666664,0.7213333333333333,-0.03902439024390244,20000.0,Split,0,Lotus,1,None,0
660482,2026-05-06 22:50:00,God Chosen,VNSport,177.4,0.612,-0.02222222222222222,4200.0,201.25,0.7525000000000001,0.02430555555555556,3400.0,Lotus,1,Bind,-1,Haven,0
657982,2026-05-07 01:00:00,Team Liquid Academy,Bitfix Gaming,205.975,0.7101666666666666,0.011786036036036038,4866.666666666667,204.23333333333332,0.7476666666666667,0.024662162162162167,20000.0,Bind,0,Pearl,0,None,0
664808,2026-05-07 02:00:00,Ghools Esports,Team RA'AD,210.5,0.746,0.034722222222222224,20000.0,212.0,0.7326666666666667,-0.008108108108108109,20000.0,Breeze,0,Lotus,0,None,0
664810,2026-05-07 04:30:00,Gamax Esports,BAAM Esports,193.4,0.666,-0.044444444444444446,20000.0,195.93333333333334,0.7466666666666667,0.008108108108108109,20000.0,Fracture,0,Lotus,0,Haven,0
661118,2026-05-07 06:00:00,Shopify Rebellion Black,Division One,176.63333333333333,0.6627291666666666,-0.01971788598943771,5266.666666666667,202.83541666666665,0.6940625,0.009913537851037851,20000.0,Breeze,1,Lotus,0,Pearl,1
668473,2026-05-07 06:00:00,2Game Esports,ELEVATE,200.0,0.7,0.0,20000.0,200.0,0.7,0.0,20000.0,Lotus,0,Pearl,0,Haven,0
668474,2026-05-07 06:00:00,RED Canids,Team Liquid Brazil,200.0,0.7,0.0,20000.0,200.0,0.7,0.0,20000.0,Breeze,0,Split,0,None,0
668475,2026-05-07 09:00:00,LA MASIA,TEAM EGO,187.1,0.71,-0.0125,20000.0,200.0,0.7,0.0,20000.0,Breeze,0,Fracture,0,None,0
666488,2026-05-07 18:00:00,Rex Regum Qeon,Global Esports,204.8,0.7426666666666667,0.008333333333333337,4400.0,198.75,0.6985,0.00016891891891892137,3500.0,Breeze,-1,Pearl,1,None,0
666489,2026-05-07 20:35:00,KIWOOM DRX,FULL SENSE,194.71666666666667,0.6981666666666666,0.0023809523809523794,20000.0,186.43333333333334,0.6663333333333333,-0.009722222222222222,4200.0,Lotus,-1,Fracture,0,None,0
657978,2026-05-08 01:00:00,MIR,Enterprise Esports,175.5,0.6593333333333333,-0.034722222222222224,4600.0,201.26666666666665,0.7526666666666666,0.011186186186186184,20000.0,Split,0,Fracture,0,None,0
660381,2026-05-08 01:00:00,Eternal Fire,Team Heretics,193.65,0.6896666666666667,0.004861111111111109,4900.0,222.25,0.8135,0.022916666666666665,4400.0,Fracture,-1,Pearl,1,Lotus,0
660382,2026-05-08 03:55:00,Team Liquid,Team Vitality,206.08333333333334,0.7531666666666667,0.02291666666666667,12300.0,207.53333333333336,0.75775,0.03854166666666667,4500.0,Pearl,-1,Ascent,1,Lotus,0
661112,2026-05-08 06:00:00,M80,Shopify Rebellion Black,223.85,0.8082499999999999,0.04615384615384615,4533.333333333333,195.86666666666665,0.7088645833333334,-0.005692276328052191,4466.666666666667,Fracture,1,Lotus,-1,Pearl,1
666490,2026-05-08 18:00:00,Paper Rex,Global Esports,231.85,0.8140000000000001,0.035416666666666666,4300.0,199.525,0.68775,-0.0019988738738738734,4000.0,Breeze,-1,Lotus,1,Pearl,0
659480,2026-05-08 19:00:00,Xi Lai Gaming,EDward Gaming,234.55,0.7945,0.03125,20000.0,213.45,0.7595,0.014583333333333337,20000.0,Split,1,Breeze,0,None,0
659486,2026-05-08 21:10:00,All Gamers,Dragon Ranger Gaming,213.25833333333335,0.7511666666666666,-0.0041666666666666675,20000.0,195.26666666666665,0.7,1.3877787807814458e-18,20000.0,Lotus,-1,Split,-1,Haven,0
666491,2026-05-08 21:15:00,T1,FULL SENSE,207.71666666666664,0.7348333333333332,0.016666666666666663,4000.0,198.46666666666667,0.7051666666666667,-0.004861111111111111,4333.333333333333,Pearl,-1,Lotus,1,None,0
660383,2026-05-09 01:00:00,FUT Esports,Eternal Fire,183.51666666666665,0.6799999999999999,0.0048611111111111095,4733.333333333333,198.45833333333331,0.7034999999999999,0.0010416666666666643,4733.333333333333,Pearl,-1,Ascent,1,Split,0
660384,2026-05-09 03:55:00,FNATIC,Team Vitality,218.95833333333334,0.7653333333333333,0.01388888888888889,20000.0,211.4,0.766875,0.02621527777777778,4133.333333333333,Breeze,0,Haven,-1,None,0
645498,2026-05-09 07:00:00,KRÜ Esports,Evil Geniuses,190.15,0.6616666666666666,-0.011111111111111103,3400.0,196.575,0.7193333333333334,-0.011120495495495496,4400.0,Haven,-1,Lotus,1,Bind,0
645499,2026-05-09 10:20:00,FURIA,100 Thieves,201.93333333333334,0.7453333333333332,-0.002777777777777779,3800.0,212.13333333333335,0.7686666666666666,0.0027777777777777735,3800.0,Pearl,-1,Haven,1,Breeze,0
666494,2026-05-09 18:00:00,Rex Regum Qeon,DetonatioN FocusMe,203.75,0.7303333333333334,0.006250000000000001,4700.0,198.53333333333336,0.7233333333333333,-0.013888888888888892,20000.0,Ascent,0,Breeze,1,Lotus,0
659487,2026-05-09 19:00:00,Xi Lai Gaming,Dragon Ranger Gaming,208.625,0.72775,-0.007291666666666667,20000.0,202.63333333333333,0.7186666666666667,-0.001388888888888888,20000.0,Lotus,-1,Breeze,1,Haven,-1
645500,2026-05-10 07:00:00,G2 Esports,Cloud9,227.8,0.7995,0.018750000000000003,3900.0,206.3,0.7004166666666667,-0.03002136752136752,20000.0,Lotus,1,Split,0,None,0
660389,2026-05-11 01:00:00,FNATIC,Team Heretics,200.07916666666668,0.6916666666666667,0.008867521367521367,20000.0,212.1583333333333,0.7880833333333334,0.012847222222222222,4266.666666666667,Fracture,-1,Lotus,0,Ascent,0
660390,2026-05-11 04:35:00,Eternal Fire,Gentle Mates,199.72916666666669,0.7110833333333333,-0.014756944444444448,4466.666666666667,181.2,0.6729999999999999,-0.03958333333333333,12200.0,Ascent,0,Lotus,1,None,0
645502,2026-05-11 07:00:00,LOUD,LEVIATÁN,206.3833333333333,0.7286666666666667,0.022222222222222227,4400.0,214.5,0.7885,0.0375,4100.0,Bind,-1,Breeze,1,Haven,0
645503,2026-05-11 10:10:00,Sentinels,NRG,190.33333333333331,0.6799999999999999,0.002777777777777779,3400.0,203.9,0.729,0.02083333333333333,4400.0,Fracture,-1,Breeze,1,Lotus,0
659576,2026-05-11 21:00:00,Alter Ego,NEVERLAND713,215.95,0.7565000000000001,-0.011166666666666665,4700.0,233.2,0.817,0.024999999999999998,20000.0,Haven,0,Pearl,1,Lotus,0
659592,2026-05-11 21:00:00,Unsigned5,XLB,223.7,0.771,0.03333333333333333,20000.0,211.7,0.7429166666666667,0.006076388888888886,3866.6666666666665,Fracture,0,Split,-1,Lotus,0
660449,2026-05-11 21:00:00,NAOS,Jade Lions,193.5,0.6835,-0.022023809523809522,5500.0,193.26666666666668,0.685,-0.02222222222222222,4000.0,Breeze,1,Fracture,1,Bind,-1
660498,2026-05-11 21:00:00,555,Team NKT,236.3,0.8530000000000001,0.020833333333333336,4600.0,206.15,0.7325,0.01666666666666667,4800.0,Lotus,-1,Haven,1,Split,-1
657971,2026-05-12 01:00:00,Natus Vincere Junior,Enterprise Esports,207.9,0.736,0.008333333333333335,4600.0,215.33333333333331,0.7953333333333333,0.005593093093093093,20000.0,Pearl,0,Split,0,Haven,0
663065,2026-05-12 01:00:00,Barça eSports,Otakar Esports,211.803125,0.7639375,0.015494791666666669,4133.333333333333,212.7,0.762,0.008333333333333337,20000.0,Bind,0,Haven,0,Fracture,0
660443,2026-05-12 21:00:00,Oasis Gaming,Jade Lions,222.68333333333334,0.8326666666666667,0.041666666666666664,4500.0,202.86666666666667,0.7195,-0.016516516516516516,4266.666666666667,Pearl,1,Split,-1,Haven,1
660492,2026-05-12 21:00:00,Sharper Esports,555,211.4,0.748,9.020562075079397e-18,4800.0,222.65,0.8108333333333334,0.03402777777777778,4500.0,Pearl,1,Haven,-1,Bind,1
659570,2026-05-12 21:00:00,BOOM Esports,Alter Ego,240.7,0.877,0.058333333333333334,20000.0,221.14166666666665,0.7589166666666667,-0.008286036036036035,4466.666666666667,Lotus,0,Haven,-1,Breeze,0
659586,2026-05-12 21:00:00,Trinity,XLB,204.53333333333336,0.7326666666666666,-0.005405405405405406,20000.0,225.3833333333333,0.7857916666666667,0.02387152777777778,3866.6666666666665,Split,0,Haven,-1,Bind,0
657983,2026-05-13 01:00:00,MIR,Team Liquid Academy,171.75,0.6381666666666665,-0.017361111111111112,4066.6666666666665,209.5875,0.7230833333333333,0.016309684684684685,4800.0,Pearl,0,Breeze,0,None,0
663057,2026-05-13 01:00:00,UCAM Esports Club,Barça eSports,198.9,0.7603333333333333,-0.005555555555555557,4500.0,214.56822916666664,0.7746354166666667,0.01746961805555556,4533.333333333333,Lotus,0,Fracture,0,Bind,0
649789,2026-05-13 02:00:00,Joblife,WIP Esports,181.4,0.6913333333333334,0.005555555555555554,20000.0,193.8,0.7245,0.020833333333333332,4800.0,Pearl,0,Lotus,0,Split,0
664811,2026-05-13 04:00:00,Team RA'AD,BAAM Esports,202.7,0.7083333333333334,-0.020720720720720724,20000.0,204.86666666666665,0.7373333333333333,-0.0042792792792792815,20000.0,Lotus,0,Ascent,0,None,0
668478,2026-05-13 06:00:00,Team Solid,MIBR Academy,197.33333333333334,0.6806666666666666,0.0027777777777777805,20000.0,200.0,0.7,0.0,20000.0,Pearl,0,Haven,0,None,0
668479,2026-05-13 06:00:00,TBK Esports,PEEK,203.6,0.7353333333333334,-0.002777777777777779,4200.0,191.4,0.688,-0.0125,4200.0,Haven,0,Fracture,0,None,0
660370,2026-05-15 09:55:00,G2 Esports,100 Thieves,223.2,0.8102499999999999,0.015625000000000007,4000.0,209.73333333333335,0.7493333333333334,0.0013888888888888896,4300.0,Pearl,-1,Lotus,1,None,0
666492,2026-05-15 20:00:00,Global Esports,FULL SENSE,201.0625,0.6915416666666667,-0.016277214714714716,4466.666666666667,205.33333333333334,0.7495833333333334,-0.0003472222222222255,4266.666666666667,Split,-1,Breeze,1,None,0
666498,2026-05-15 22:20:00,T1,Paper Rex,194.65833333333333,0.6974166666666667,0.0062499999999999995,4300.0,212.425,0.7383333333333334,0.03298611111111112,4400.0,Split,-1,Ascent,1,Breeze,0
660385,2026-05-16 01:00:00,FUT Esports,Team Vitality,195.25833333333333,0.7233333333333334,0.017708333333333333,4400.0,215.35,0.7704375,0.01118456196581197,3933.3333333333335,Pearl,-1,Ascent,1,Split,0
660391,2026-05-16 04:45:00,Team Heretics,Eternal Fire,205.67916666666665,0.771375,0.01694992690058479,4666.666666666667,212.56458333333336,0.7630416666666666,-0.01154513888888889,4133.333333333333,Lotus,-1,Fracture,1,Ascent,0
660376,2026-05-17 09:15:00,100 Thieves,LOUD,189.46666666666667,0.6771666666666667,-0.01388888888888889,4066.6666666666665,202.55833333333334,0.7326666666666667,0.0016516516516516533,3733.3333333333335,Breeze,-1,Split,1,None,0
660386,2026-05-18 02:00:00,Team Vitality,Team Heretics,208.00833333333335,0.7308854166666666,0.006811793178027931,4533.333333333333,205.40625,0.7666875,0.002919407894736841,4666.666666666667,Breeze,1,Lotus,-1,Split,-1
660377,2026-05-18 07:00:00,KRÜ Esports,NRG,199.475,0.7041666666666666,0.009722222222222226,4100.0,199.61666666666665,0.7288333333333334,0.020138888888888883,4600.0,Breeze,-1,Haven,1,None,0
660378,2026-05-18 09:10:00,MIBR,100 Thieves,192.1,0.724,-0.025,4800.0,207.63333333333335,0.7295833333333334,0.007638888888888888,4066.6666666666665,Fracture,1,Breeze,-1,None,0
660477,2026-05-18 21:00:00,Fancy United Esports,ROY Esports,210.8,0.7746666666666666,0.022222222222222227,20000.0,200.0,0.7,0.0,20000.0,Split,0,Lotus,-1,None,0
660483,2026-05-18 23:30:00,1Tap Esports,God Chosen,224.1,0.776,0.008333333333333337,4800.0,189.66666666666666,0.667,-0.005847953216374269,4900.0,Bind,1,Split,-1,None,0
680274,2026-05-19 01:00:00,Beşiktaş Esports,Natus Vincere Junior,195.03333333333336,0.7278333333333333,0.002777777777777775,20000.0,195.33333333333334,0.6976666666666667,-0.013194444444444443,4266.666666666667,Fracture,0,Haven,0,Breeze,0
680280,2026-05-19 01:00:00,UCAM Esports Club,AlQadsiah Esports,204.625,0.7624166666666666,-0.004861111111111111,4600.0,223.2,0.7769999999999999,0.025,5000.0,Split,0,Haven,0,None,0
680287,2026-05-19 03:30:00,Joblife,Ghools Esports,197.825,0.7186666666666668,0.00798611111111111,20000.0,206.15,0.748,0.03402777777777778,20000.0,Haven,0,Lotus,0,None,0
680277,2026-05-19 03:30:00,REBORN,Enterprise Esports,214.2,0.785,0.003999999999999997,4000.0,222.1,0.8166666666666667,0.029185435435435437,20000.0,Fracture,0,Split,0,None,0
676896,2026-05-19 05:00:00,9z Globant,LEVIATÁN Academy,192.46666666666667,0.6815,-0.0006944444444444469,20000.0,180.3,0.653,-0.054166666666666675,4200.0,Breeze,0,Lotus,0,None,0
676897,2026-05-19 07:05:00,University War,ShindeN,213.7375,0.74825,0.02395833333333333,4133.333333333333,183.6,0.6950000000000001,-0.03333333333333333,4400.0,Ascent,0,Breeze,0,None,0
678026,2026-05-19 08:00:00,FUEGO,Chivas Esports,201.95,0.72725,0.0125,4133.333333333333,200.13333333333335,0.728,6.938893903907229e-19,20000.0,Split,0,Haven,0,None,0
678027,2026-05-19 11:00:00,Contra,LAZER,191.36666666666665,0.693,0.017905405405405406,20000.0,181.99333333333334,0.653,-0.01138888888888889,20000.0,Breeze,0,Lotus,0,None,0
660484,2026-05-19 21:00:00,ROY Esports,1Tap Esports,177.0,0.662,0.041666666666666664,4800.0,228.15,0.776,0.02291666666666667,4500.0,Lotus,1,Split,-1,Breeze,1
680278,2026-05-20 01:00:00,FOKUS,REBORN,200.0,0.7,0.0,20000.0,210.2,0.7555,-0.02022222222222222,4800.0,Haven,0,Split,0,Breeze,0
680281,2026-05-20 01:00:00,MIR,WIP Esports,176.225,0.6295833333333334,-0.021180555555555557,3800.0,190.15,0.7075,0.005208333333333334,4500.0,Fracture,0,Pearl,0,Split,0
680275,2026-05-20 03:30:00,Natus Vincere Junior,CGN Esports,200.86666666666667,0.7088333333333333,-0.014491959064327483,4000.0,200.0,0.7,0.0,20000.0,Breeze,0,Ascent,0,Fracture,0
680288,2026-05-20 03:30:00,Team Liquid Academy,Barça eSports,208.64375,0.7465416666666667,0.020654842342342345,4466.666666666667,202.43411458333335,0.7358177083333334,0.010818142361111113,4333.333333333333,Lotus,0,Split,0,None,0
676898,2026-05-20 05:00:00,OXEN,BESTIA,171.96666666666664,0.6356666666666666,-0.04305555555555556,3000.0,211.21666666666664,0.7963333333333333,0.01944444444444444,4800.0,Haven,0,Pearl,0,None,0
668487,2026-05-20 06:00:00,TBK Esports,F4TALITY,209.45,0.7576666666666666,0.02777777777777778,4000.0,194.13333333333333,0.7013333333333334,0.011111111111111106,5000.0,Lotus,0,Fracture,0,None,0
668488,2026-05-20 06:00:00,MIBR Academy,FURIA Academy,193.5,0.746,0.012500000000000002,4400.0,190.93333333333334,0.6673333333333333,-0.01111111111111111,4600.0,Lotus,0,Pearl,0,Fracture,0
676899,2026-05-20 08:00:00,KRÜ BLAZE,KRÜ SPARK,174.8,0.6599999999999999,-0.016666666666666666,20000.0,200.375,0.69425,0.019791666666666666,20000.0,Lotus,0,Split,0,None,0
678028,2026-05-20 08:00:00,STREAMER ARENA,LYON,172.83333333333334,0.6359999999999999,-0.04583333333333334,20000.0,210.3,0.7155,-0.007488738738738737,4600.0,Haven,0,Lotus,0,None,0
668489,2026-05-20 09:00:00,Team Solid,PEEK,183.2666666666667,0.6368333333333334,-0.004861111111111113,20000.0,192.65,0.6615,-0.035416666666666666,3800.0,Lotus,0,Haven,0,None,0
678029,2026-05-20 10:00:00,AB3 Esports,Grizzly Gang,179.06,0.619,-0.024833333333333332,3200.0,192.34666666666666,0.687,0.001388888888888891,20000.0,Haven,0,Lotus,0,None,0
681293,2026-05-20 19:30:00,Asterisk,Leosun Esports,200.0,0.7,0.0,20000.0,200.0,0.7,0.0,20000.0,Haven,0,Fracture,1,None,0
660478,2026-05-20 21:00:00,Fancy United Esports,ROY Esports,210.35,0.7753333333333334,-0.00972222222222222,20000.0,194.2,0.6936,0.018333333333333333,4700.0,Lotus,0,Haven,-1,Split,0
681294,2026-05-20 21:25:00,The Rad Syndicate,S8UL Esports,200.0,0.7,0.0,20000.0,200.0,0.7,0.0,20000.0,Pearl,-1,Haven,1,None,0
680289,2026-05-21 01:00:00,Ghools Esports,Barça eSports,190.575,0.707,0.010763888888888889,20000.0,184.16705729166668,0.7084088541666667,0.0012424045138888877,4333.333333333333,Haven,0,Fracture,0,Ascent,0
680279,2026-05-21 01:00:00,FOKUS,Enterprise Esports,215.0,0.7593333333333334,0.005263157894736842,20000.0,211.2,0.7818333333333334,0.036814939939939936,20000.0,Ascent,0,Haven,0,None,0
680276,2026-05-21 03:30:00,Beşiktaş Esports,CGN Esports,197.11666666666665,0.7302500000000001,0.010599415204678359,20000.0,197.06666666666666,0.6639999999999999,0.022222222222222233,4600.0,Pearl,0,Ascent,0,Fracture,0
680282,2026-05-21 03:30:00,UCAM Esports Club,MIR,204.2625,0.7612083333333333,0.01423611111111111,4400.0,184.34583333333333,0.6704583333333333,-0.013221856725146202,3600.0,Split,0,Pearl,0,None,0
668491,2026-05-21 06:00:00,INTZ,LA MASIA,200.0,0.7,0.0,20000.0,219.1,0.8065,0.03333333333333333,3400.0,Pearl,0,Lotus,0,None,0
680284,2026-05-22 01:00:00,UCAM Esports Club,WIP Esports,210.03125,0.7571041666666666,0.01128472222222222,4466.666666666667,199.00833333333335,0.7334166666666666,0.0052357456140350875,4133.333333333333,Split,0,Fracture,0,None,0
680285,2026-05-23 03:30:00,AlQadsiah Esports,WIP Esports,200.4,0.7205,-0.004166666666666668,5000.0,184.40416666666667,0.6807083333333332,-0.0015487938596491259,4000.0,Breeze,0,Pearl,0,None,0
660373,2026-05-23 07:00:00,LEVIATÁN,G2 Esports,211.98333333333335,0.7685833333333333,0.028209459459459463,3933.3333333333335,230.05,0.8186249999999999,0.022395833333333337,3733.3333333333335,Ascent,1,Pearl,-1,Split,0
660379,2026-05-23 10:05:00,NRG,100 Thieves,205.25833333333335,0.7514166666666667,0.02256944444444444,4466.666666666667,207.61666666666665,0.7437916666666666,0.005902777777777781,4200.0,Fracture,1,Breeze,-1,None,0
681780,2026-05-23 17:00:00,CREST GAMING Zst,IGZIST,200.0,0.7,0.0,20000.0,200.0,0.7,0.0,20000.0,Pearl,1,Haven,-1,None,0
681756,2026-05-23 18:00:00,BOOM Esports,Jade Lions,236.35,0.8554999999999999,0.05416666666666666,20000.0,186.63333333333335,0.6900833333333333,-0.020758258258258257,4266.666666666667,Fracture,-1,Haven,0,Lotus,0
681300,2026-05-23 19:30:00,The Rad Syndicate,Leosun Esports,154.4,0.5229999999999999,-0.058333333333333334,2800.0,174.0,0.606,-0.04166666666666667,20000.0,Pearl,0,Lotus,1,None,0
681781,2026-05-23 19:45:00,AGELITE,FENNEL,200.0,0.7,0.0,20000.0,200.0,0.7,0.0,20000.0,Lotus,0,Split,0,None,0
681757,2026-05-23 21:00:00,Oasis Gaming,Fancy United Esports,218.875,0.8086666666666666,0.03333333333333333,4666.666666666667,211.175,0.776,-0.00486111111111111,20000.0,Breeze,1,Haven,0,None,0
681301,2026-05-23 21:45:00,Asterisk,Revenant XSpark,235.3,0.8240000000000001,0.05416666666666666,4800.0,200.0,0.7,0.0,20000.0,Lotus,0,Fracture,1,Pearl,0
681758,2026-05-23 23:00:00,XLB,555,221.69166666666666,0.7778958333333333,0.0132515533625731,4533.333333333333,201.49166666666667,0.73575,0.02673611111111111,4333.333333333333,Haven,1,Lotus,-1,Split,0
660380,2026-05-24 07:00:00,G2 Esports,NRG,204.9916666666667,0.7326458333333333,-0.008246527777777775,4000.0,206.67916666666665,0.7517083333333334,0.027951388888888883,4533.333333333333,Lotus,1,Breeze,-1,Pearl,1
681782,2026-05-24 17:00:00,QT DIG∞,RIDDLE ORDER,200.0,0.7,0.0,20000.0,200.0,0.7,0.0,20000.0,Breeze,-1,Split,0,Lotus,0
681783,2026-05-24 20:30:00,Insomnia,REJECT,200.0,0.7,0.0,20000.0,200.0,0.7,0.0,20000.0,Breeze,1,Lotus,0,Pearl,0
681759,2026-05-24 21:00:00,Jade Lions,ROY Esports,187.71666666666667,0.6920416666666667,-0.013156906906906907,4333.333333333333,190.28333333333336,0.6850333333333334,0.010625000000000002,4800.0,Breeze,-1,Split,1,None,0
681760,2026-05-24 23:20:00,XLB,Xipto Esports,212.2125,0.7326145833333333,0.0132047240497076,4733.333333333333,200.0,0.7,0.0,20000.0,Fracture,-1,Lotus,1,Haven,0
660374,2026-05-25 07:00:00,LEVIATÁN,G2 Esports,210.425,0.7772916666666667,0.033549174174174176,4200.0,204.71583333333334,0.7307229166666667,-0.0007899305555555535,4066.6666666666665,Fracture,1,Haven,-1,Ascent,1
681784,2026-05-25 17:00:00,CREST GAMING Zst,FENNEL,207.0,0.729,0.020833333333333332,5200.0,218.1,0.8009999999999999,0.04583333333333334,20000.0,Haven,1,Lotus,0,Split,0
681785,2026-05-25 20:00:00,IGZIST,RIDDLE ORDER,178.5,0.666,-0.020833333333333336,4800.0,192.46666666666664,0.6733333333333333,-0.01052631578947368,4400.0,Ascent,-1,Split,1,Breeze,0
681303,2026-05-25 22:30:00,Asterisk,No Salary Peek,218.75,0.7653333333333333,0.029786036036036034,5100.0,200.0,0.7,0.0,20000.0,Pearl,1,Ascent,-1,None,0
683765,2026-05-26 01:00:00,REBORN,Natus Vincere Junior,197.66666666666669,0.70975,-0.012742690058479533,4466.666666666667,201.7,0.6907500000000001,-0.018357090643274853,4200.0,Split,0,Haven,0,None,0
676903,2026-05-26 08:00:00,LEVIATÁN Academy,BESTIA,184.4,0.7015,-0.04791666666666668,4400.0,222.1083333333333,0.8126666666666666,0.03680555555555555,5000.0,Fracture,0,Breeze,0,None,0
681519,2026-05-26 08:05:00,Shopify Rebellion Black,Evictix,189.81333333333333,0.6812322916666667,-0.012846138164026095,3866.6666666666665,200.66,0.6839999999999999,-0.005999999999999997,20000.0,Haven,0,Lotus,1,None,0
681518,2026-05-26 08:30:00,M80,ROSE,219.045,0.785325,0.03307692307692307,3933.3333333333335,204.3,0.704,-0.001999999999999999,20000.0,Lotus,-1,Pearl,1,None,0
678039,2026-05-26 11:00:00,FUEGO,AB3 Esports,216.425,0.771625,0.041666666666666664,4133.333333333333,189.05,0.6369999999999999,-0.054166666666666675,2900.0,Breeze,0,Haven,0,None,0
681304,2026-05-26 19:30:00,Leosun Esports,S8UL Esports,145.41666666666666,0.5912499999999999,-0.036458333333333336,20000.0,244.8,0.8400000000000001,0.058333333333333334,3200.0,Pearl,-1,Haven,0,None,0
681520,2026-05-27 06:00:00,Division One,Dynamo,201.0295833333333,0.68878125,0.005068853021978021,20000.0,206.16,0.716,-0.012,20000.0,Lotus,-1,Breeze,0,Ascent,0
681908,2026-05-27 06:00:00,Team Solid,FURIA Academy,204.93333333333334,0.7489166666666667,0.024652777777777777,20000.0,189.53333333333333,0.6786666666666666,0.002552552552552554,4900.0,Ascent,0,Split,0,None,0
678040,2026-05-27 08:00:00,Chivas Esports,Contra,197.91666666666669,0.7043333333333333,0.005902777777777776,20000.0,176.58333333333331,0.6980000000000001,-0.0010472972972972948,20000.0,Pearl,0,Lotus,0,Split,0
676905,2026-05-27 08:00:00,9z Globant,KRÜ SPARK,206.23333333333335,0.72375,0.02048611111111111,20000.0,208.5875,0.721625,0.03072916666666667,20000.0,Breeze,0,Haven,0,Ascent,0
681522,2026-05-27 09:00:00,FlyQuest,Alliance Guardians,198.75833333333333,0.7314166666666667,0.01712506841817187,5933.333333333333,206.07333333333335,0.7033333333333334,-0.004000000000000002,20000.0,Breeze,0,Split,1,Haven,0
681523,2026-05-27 09:00:00,SaD Esports,YFP,188.2,0.6895,-0.06057692307692307,4400.0,200.31416666666667,0.705375,0.009017628205128204,4100.0,Fracture,1,Haven,-1,None,0
681910,2026-05-27 09:00:00,MIBR Academy,ABACATUDOS,192.18333333333334,0.7226666666666667,-0.0018581081081081071,5000.0,218.7,0.7939999999999999,0.012499999999999999,20000.0,Fracture,0,Ascent,0,None,0
678041,2026-05-27 11:00:00,STREAMER ARENA,LAZER,154.23333333333335,0.5695,-0.06666666666666668,20000.0,185.41666666666666,0.727,0.019305555555555555,20000.0,Ascent,0,Lotus,0,None,0
681306,2026-05-27 19:30:00,SIGN Esports,The Rad Syndicate,200.0,0.7,0.0,20000.0,183.55,0.665,-0.01666666666666667,3400.0,Lotus,0,Haven,-1,Ascent,0
681307,2026-05-27 22:30:00,Leosun Esports,Revenant XSpark,134.6,0.48224999999999996,-0.02395833333333334,20000.0,200.86666666666667,0.7106666666666667,-0.005405405405405406,20000.0,Haven,0,Lotus,0,None,0
683770,2026-05-28 01:00:00,UCAM Esports Club,REBORN,210.665625,0.7620520833333333,0.00980902777777778,4333.333333333333,202.63333333333335,0.7318749999999999,0.006128654970760235,4600.0,Ascent,1,Split,-1,Lotus,1
676908,2026-05-28 05:00:00,University War,LEVIATÁN Academy,213.46875,0.749625,0.027979166666666666,4400.0,179.4,0.64525,-0.05520833333333334,4533.333333333333,Lotus,0,Fracture,0,Ascent,0
685246,2026-05-28 06:00:00,Pigeons,Evil Geniuses Academy,191.8,0.7068333333333333,-0.01944444444444444,20000.0,192.74166666666667,0.7384166666666666,-0.004293312543312543,4333.333333333333,Haven,0,Ascent,-1,Split,0
685247,2026-05-28 06:00:00,Evictix,Alliance Guardians,182.6,0.647,-0.04583333333333334,20000.0,181.5,0.653,-6.938893903907229e-19,20000.0,Lotus,0,Ascent,0,Split,0
681911,2026-05-28 06:00:00,2Game Esports,LA MASIA,218.46666666666664,0.77,0.038888888888888896,4600.0,212.95,0.78025,0.012499999999999997,3900.0,Lotus,0,Pearl,0,None,0
681912,2026-05-28 06:00:00,RED Canids,TEAM EGO,212.1,0.787,4.163336342344337e-18,4600.0,160.9,0.605,-0.04166666666666667,3400.0,Pearl,0,Ascent,0,None,0
676909,2026-05-28 08:00:00,BESTIA,ShindeN,218.10416666666666,0.8078333333333333,0.04965277777777778,4933.333333333333,191.1,0.7105,-0.03266666666666666,4400.0,Pearl,0,Haven,0,Breeze,0
678042,2026-05-28 08:00:00,AB3 Esports,LYON,168.54583333333332,0.5883333333333334,-0.05694444444444444,3333.3333333333335,216.8,0.75275,-0.0016610360360360336,4333.333333333333,Pearl,0,Haven,0,None,0
685249,2026-05-28 08:40:00,Nightblood Gaming,Dynamo,205.82750000000001,0.7242083333333333,-0.006655405405405409,20000.0,197.53333333333336,0.7026666666666667,-0.005555555555555551,4800.0,Lotus,0,Ascent,0,None,0
681913,2026-05-28 09:00:00,INTZ,Team Liquid Brazil,183.1,0.6980000000000001,0.008333333333333331,4000.0,193.8,0.73,2.7755575615628915e-18,20000.0,Pearl,0,Lotus,0,None,0
685248,2026-05-28 09:10:00,ROSE,YFP,167.82,0.618,0.0001666666666666629,3400.0,184.27708333333334,0.6716875,-0.0204911858974359,4000.0,Ascent,1,Lotus,-1,None,0
678043,2026-05-28 10:00:00,FUEGO,LAZER,226.5125,0.8073125000000001,0.05416666666666666,4333.333333333333,182.50833333333333,0.6835,-0.0007638888888888893,20000.0,Breeze,0,Ascent,0,None,0
683768,2026-05-29 01:00:00,Natus Vincere Junior,REBORN,204.65,0.729875,-0.02167854532163743,4600.0,216.55,0.7966041666666667,0.030842105263157893,3866.6666666666665,Haven,1,Split,-1,Pearl,1
676907,2026-05-29 05:00:00,OXEN,KRÜ SPARK,158.53333333333333,0.6138333333333333,-0.036111111111111115,3900.0,202.63368055555554,0.7117881944444444,0.005859375000000001,20000.0,Split,0,Breeze,0,Ascent,0
685251,2026-05-29 06:00:00,QoR,NRG Academy,201.71166666666664,0.7216666666666667,-0.007458333333333336,4733.333333333333,192.38,0.6495,-0.004583333333333339,3800.0,Lotus,1,Haven,-1,None,0
685250,2026-05-29 06:00:00,M80,Shopify Rebellion Black,228.5725,0.8006624999999999,0.020705128205128202,3866.6666666666665,201.15666666666667,0.7261161458333334,0.01649359758465362,4000.0,Pearl,1,Haven,-1,Lotus,0
681916,2026-05-29 06:00:00,FURIA Academy,TRIBE,210.91666666666666,0.7253333333333334,0.02002627627627628,4666.666666666667,187.05,0.6839999999999999,-0.01666666666666667,20000.0,Breeze,0,Lotus,0,None,0
681915,2026-05-29 06:00:00,Team Solid,F4TALITY,193.7166666666667,0.6749583333333333,-0.006423611111111112,20000.0,185.71666666666667,0.6756666666666666,0.005555555555555552,4600.0,Pearl,0,Haven,0,None,0
676906,2026-05-29 08:00:00,9z Globant,KRÜ BLAZE,202.51666666666665,0.7335416666666668,0.01857638888888889,20000.0,188.25,0.633,-0.041666666666666664,20000.0,Lotus,0,Split,0,None,0
678044,2026-05-29 08:00:00,STREAMER ARENA,Contra,188.3472222222222,0.6768749999999999,-0.019097222222222224,20000.0,187.425,0.7053333333333334,0.004881756756756758,20000.0,Fracture,0,Breeze,0,Ascent,0
685253,2026-05-29 08:00:00,SaD Esports,FlyQuest,203.75,0.74725,-0.011538461538461536,3900.0,204.97916666666666,0.763375,0.01396793961449134,5400.0,Pearl,1,Split,-1,None,0
681917,2026-05-29 09:00:00,TBK Esports,MIBR Academy,211.375,0.7538333333333334,0.013888888888888886,4066.6666666666665,212.84166666666664,0.7993333333333333,0.021987612612612614,4600.0,Ascent,0,Haven,0,None,0
685252,2026-05-29 09:10:00,Division One,Azure Dragon Gaming,201.09479166666665,0.7307239583333334,0.002534426510989015,20000.0,212.24229166666663,0.686875,0.007867082570207573,4266.666666666667,Lotus,0,Breeze,-1,None,0
678045,2026-05-29 11:00:00,Chivas Esports,FUSION,197.19166666666666,0.7068333333333333,-0.002454016516516517,20000.0,223.03333333333336,0.78,0.04861111111111111,20000.0,Lotus,0,Haven,0,None,0
681919,2026-05-30 06:00:00,LA MASIA,Team Liquid Brazil,188.075,0.711125,0.006249999999999999,4133.333333333333,182.2,0.6994999999999999,-0.01666666666666667,20000.0,Breeze,0,Ascent,0,None,0
676910,2026-06-02 05:00:00,OXEN,KRÜ BLAZE,175.8,0.64225,-0.01666666666666667,4000.0,173.325,0.5795,-0.04166666666666667,20000.0,Split,0,Pearl,0,None,0
685988,2026-06-02 06:00:00,Dynamo,Alliance Guardians,188.21666666666667,0.6978333333333333,-0.034027777777777775,4900.0,185.28333333333333,0.6645000000000001,-0.023573573573573574,20000.0,Breeze,0,Split,1,None,0
685987,2026-06-02 06:00:00,Shopify Rebellion Black,Pigeons,191.77833333333334,0.7150580729166667,-0.012586534541006522,4000.0,201.26666666666665,0.71775,0.001388888888888891,20000.0,Lotus,1,Split,0,None,0
681922,2026-06-02 06:00:00,MIBR Academy,PEEK,212.12083333333334,0.7806666666666666,0.024993806306306304,4666.666666666667,185.175,0.6457499999999999,-0.034375,3666.6666666666665,Breeze,0,Lotus,0,None,0
681923,2026-06-02 06:00:00,TBK Esports,FURIA Academy,199.2375,0.7164166666666667,-0.00705555555555556,4066.6666666666665,215.8083333333333,0.7491666666666668,0.01001313813813814,4533.333333333333,Split,0,Lotus,0,Ascent,0
676912,2026-06-02 08:00:00,KRÜ SPARK,LEVIATÁN Academy,208.96354166666666,0.73390625,-0.0006510416666666658,20000.0,191.33333333333331,0.673625,-0.02482638888888889,4400.0,Haven,0,Ascent,0,Lotus,0
678046,2026-06-02 08:00:00,LAZER,LYON,171.15416666666664,0.63975,-0.006631944444444445,20000.0,200.75,0.8483750000000001,0.017919481981981986,3866.6666666666665,Fracture,0,Ascent,0,Lotus,0
685989,2026-06-02 08:15:00,Nightblood Gaming,Evictix,209.59375,0.7686041666666666,0.0404222972972973,20000.0,183.9,0.6491666666666667,-0.015972222222222224,20000.0,Fracture,0,Split,0,None,0
685990,2026-06-02 08:15:00,Evil Geniuses Academy,ROSE,195.67083333333332,0.697875,-0.013257767382767382,4533.333333333333,197.07999999999998,0.6585,-0.004249999999999995,3600.0,Haven,-1,Pearl,1,None,0
681924,2026-06-02 09:00:00,Team Solid,TRIBE,206.55833333333334,0.7209791666666666,-0.005295138888888889,20000.0,184.575,0.664,-0.008333333333333337,3800.0,Lotus,0,Ascent,0,None,0
678047,2026-06-02 11:00:00,Stray Cats,Contra,155.1875,0.5974999999999999,-0.04583333333333333,20000.0,169.796875,0.7363715277777777,-0.00013826326326326437,20000.0,Breeze,0,Fracture,0,None,0
681315,2026-06-02 21:00:00,XØ IND,Asterisk,200.0,0.7,0.0,20000.0,218.275,0.7616666666666666,0.036046864171864174,5333.333333333333,Ascent,0,Pearl,-1,Lotus,0
676913,2026-06-03 05:00:00,University War,BESTIA,210.2010416666667,0.7504791666666667,0.011211805555555556,4000.0,211.78541666666666,0.7755833333333333,0.02760416666666667,4866.666666666667,Breeze,0,Pearl,0,Ascent,0
685992,2026-06-03 06:00:00,Azure Dragon Gaming,M80,202.79114583333333,0.7164375,0.001850207951770455,4400.0,211.65291666666667,0.7676645833333333,0.031185897435897437,4000.0,Fracture,-1,Lotus,1,None,0
685991,2026-06-03 06:00:00,SaD Esports,NRG Academy,208.475,0.766125,0.0171474358974359,4133.333333333333,200.35,0.69725,0.009374999999999998,4000.0,Fracture,1,Haven,-1,Split,0
681925,2026-06-03 06:00:00,INTZ,RED Canids,198.6,0.7555000000000001,0.020833333333333332,3800.0,214.6,0.777,0.014583333333333337,4400.0,Breeze,0,Pearl,0,None,0
681926,2026-06-03 06:00:00,ELEVATE,LA MASIA,188.26666666666665,0.6393333333333333,-0.03888888888888889,20000.0,198.6875,0.7360625000000001,0.019791666666666666,4400.0,Lotus,0,Split,0,None,0
678048,2026-06-03 08:00:00,STREAMER ARENA,Chivas Esports,159.89166666666668,0.6751250000000001,-0.017708333333333333,20000.0,196.14583333333334,0.6924166666666667,0.027619145587895588,20000.0,Lotus,0,Ascent,0,None,0
681927,2026-06-03 08:00:00,2Game Esports,Team Liquid Brazil,207.98333333333335,0.7595000000000001,0.019444444444444445,4400.0,174.2,0.66425,-0.025,20000.0,Split,0,Lotus,0,None,0
685994,2026-06-03 08:00:00,Division One,YFT,186.74739583333331,0.6833619791666666,0.003350546588827841,20000.0,215.53854166666665,0.72834375,0.009893295940170941,20000.0,Breeze,0,Ascent,-1,Lotus,0
685993,2026-06-03 09:15:00,QoR,FlyQuest,196.69583333333333,0.7108333333333333,-0.0078125,4600.0,196.68958333333333,0.7186874999999999,-0.015932696859420996,5266.666666666667,Breeze,1,Pearl,-1,None,0
678049,2026-06-03 11:00:00,FUEGO,FUSION,225.80625,0.80315625,0.03333333333333333,4066.6666666666665,210.3166666666667,0.7370000000000001,-0.004540598290598293,20000.0,Haven,0,Fracture,0,None,0
681792,2026-06-03 17:00:00,RIDDLE ORDER,Insomnia,199.96666666666664,0.708,-0.0003851091142490326,5700.0,197.2,0.6659999999999999,-0.002777777777777775,4000.0,Split,-1,Ascent,1,Pearl,0
686184,2026-06-03 18:00:00,T1 Academy,Gen.G Global Academy,200.0,0.7,0.0,20000.0,191.33333333333331,0.7036666666666667,-0.0051587301587301595,20000.0,Pearl,0,Ascent,-1,Lotus,0
681316,2026-06-03 19:30:00,SIGN Esports,Revenant XSpark,199.53333333333333,0.6953333333333334,-0.025,20000.0,208.53333333333336,0.7338333333333333,0.00771396396396396,20000.0,Ascent,0,Haven,0,None,0
681318,2026-06-04 19:30:00,XØ IND,SIGN Esports,187.05555555555554,0.6505555555555556,-0.03828828828828829,20000.0,182.76388888888889,0.6234722222222222,-0.024305555555555556,20000.0,Ascent,0,Breeze,0,Pearl,0
684625,2026-06-04 21:00:00,555,Looking For Home,204.04583333333335,0.7228749999999999,0.006789108187134502,4400.0,200.0,0.7,0.0,20000.0,Ascent,-1,Lotus,1,None,0
686187,2026-06-04 21:00:00,So:sweet,X-CAST,200.0,0.6999999999999998,0.0,20000.0,200.0,0.7,0.0,20000.0,Split,0,Haven,0,Lotus,0
684626,2026-06-04 22:45:00,Trinity,Jade Lions,195.63333333333335,0.6906666666666667,-0.004018492176386912,20000.0,200.15833333333336,0.7150208333333333,0.004960008085008084,4400.0,Breeze,-1,Ascent,0,None,0
681319,2026-06-04 23:30:00,Revenant XSpark,S8UL Esports,215.91666666666666,0.7719166666666666,0.020523648648648647,20000.0,249.45,0.8539999999999999,0.052083333333333336,3100.0,Split,-1,Breeze,0,None,0
681320,2026-06-05 19:30:00,XØ IND,Leosun Esports,107.83333333333334,0.7523333333333333,-0.01895645645645646,20000.0,144.65,0.521625,-0.04947916666666667,20000.0,Ascent,0,Haven,0,None,0
684627,2026-06-05 21:00:00,Fancy United Esports,Oasis Gaming,215.1375,0.7949999999999999,0.01423611111111111,20000.0,190.2375,0.7188333333333333,-3.4694469519536144e-19,4666.666666666667,Pearl,-1,Haven,0,None,0
681321,2026-06-05 21:10:00,Asterisk,S8UL Esports,215.10416666666669,0.7511666666666666,0.04099640505890506,5533.333333333333,233.625,0.8094999999999999,0.03854166666666666,3466.6666666666665,Split,-1,Ascent,1,Haven,0
684628,2026-06-05 23:30:00,BOOM Esports,Sharper Esports,221.60833333333335,0.7850833333333334,0.02986111111111111,20000.0,211.9,0.772,-0.009722222222222215,4400.0,Pearl,1,Fracture,0,None,0
684613,2026-06-07 00:00:00,Xi Lai Gaming,NRG,211.5125,0.747625,0.007812500000000002,20000.0,201.33958333333334,0.7408541666666666,0.010642361111111111,4400.0,Pearl,-1,Lotus,1,None,0
684610,2026-06-07 02:30:00,Team Vitality,Dragon Ranger Gaming,205.90416666666664,0.7240427083333334,0.0073121465890139655,5000.0,196.54166666666666,0.6928333333333333,-0.012152777777777776,20000.0,Lotus,-1,Breeze,1,None,0
684611,2026-06-08 00:00:00,FULL SENSE,FUT Esports,211.1166666666667,0.7647916666666666,-0.00017361111111111136,4800.0,196.99583333333334,0.7286666666666667,0.007634654471544718,5133.333333333333,Fracture,1,Haven,-1,None,0
684612,2026-06-08 02:00:00,LEVIATÁN,Global Esports,208.17249999999999,0.7632458333333333,0.03562704610348053,4333.333333333333,188.18125,0.6602708333333334,-0.008138607357357358,4800.0,Pearl,-1,Fracture,1,Split,0
684614,2026-06-09 00:00:00,Team Vitality,FUT Esports,216.20208333333335,0.7500213541666667,0.032822739961173644,5066.666666666667,213.44791666666666,0.7708333333333334,0.04131732723577236,4666.666666666667,Pearl,1,Haven,-1,Fracture,0
684615,2026-06-09 03:15:00,NRG,LEVIATÁN,208.31979166666665,0.7394270833333334,0.005321180555555557,4400.0,201.78625,0.7316229166666666,0.027535745273962485,4266.666666666667,Ascent,-1,Lotus,1,Pearl,0
684616,2026-06-10 00:00:00,Dragon Ranger Gaming,Xi Lai Gaming,178.62083333333334,0.6099166666666667,-0.035243055555555555,14533.333333333334,197.60625,0.7273125,0.003906249999999999,14600.0,Haven,1,Fracture,-1,Split,0
684617,2026-06-10 03:20:00,Global Esports,FULL SENSE,185.490625,0.6768020833333334,-0.013791525900900903,4400.0,181.10833333333332,0.6398958333333333,-0.03758680555555556,4333.333333333333,Split,1,Breeze,-1,Pearl,0
684619,2026-06-11 00:00:00,FUT Esports,NRG,207.32395833333334,0.75775,0.031769774728997294,5200.0,197.65989583333334,0.6963802083333333,-0.004283854166666665,4200.0,Lotus,-1,Haven,1,Fracture,0
684618,2026-06-11 03:40:00,Global Esports,Xi Lai Gaming,191.6453125,0.6974010416666667,-0.012451318506006006,4466.666666666667,196.16979166666667,0.7116562500000001,-0.007769097222222225,9066.666666666666,Haven,1,Lotus,-1,Breeze,0
684633,2026-06-11 21:00:00,Looking For Home,Trinity,176.2,0.647,-0.024999999999999998,4200.0,178.46666666666667,0.6373333333333333,-0.014509246088193452,20000.0,Breeze,1,Ascent,0,None,0
684634,2026-06-11 23:00:00,Oasis Gaming,BOOM Esports,192.11875,0.7284166666666667,-0.012,4800.0,193.95416666666665,0.6955416666666667,0.0045138888888888885,14733.333333333334,Haven,1,Lotus,0,None,0
670466,2026-06-13 00:00:00,Paper Rex,LEVIATÁN,209.8125,0.7288333333333333,0.03315972222222222,4266.666666666667,201.35979166666667,0.730478125,0.02071231708142569,4333.333333333333,Ascent,-1,Lotus,1,None,0
670467,2026-06-13 02:00:00,Team Heretics,Team Vitality,198.963125,0.7333437500000001,-0.0024465460526315787,4933.333333333333,209.60104166666665,0.73667734375,0.005300258869475713,4533.333333333333,Breeze,-1,Lotus,1,None,0
670465,2026-06-14 00:00:00,EDward Gaming,FUT Esports,213.325,0.76375,0.03020833333333333,20000.0,201.26197916666666,0.7262083333333333,0.005074076553687834,4600.0,Haven,-1,Pearl,0,Fracture,0
670464,2026-06-14 03:00:00,G2 Esports,Xi Lai Gaming,198.55791666666667,0.7173614583333333,-0.019247424294171218,4733.333333333333,197.4515625,0.7021614583333333,-0.0011067708333333335,4000.0,Lotus,-1,Ascent,1,Split,0
670473,2026-06-15 00:00:00,LEVIATÁN,Team Heretics,188.87989583333334,0.7017390625,0.016606158540712845,3533.3333333333335,187.8815625,0.6661718750000001,-0.01997327302631579,4533.333333333333,Split,1,Lotus,-1,Ascent,0
670472,2026-06-15 03:00:00,G2 Esports,FUT Esports,198.045625,0.7200140625,-0.024901489924863386,4666.666666666667,198.39765625,0.7277708333333333,0.009293795033600675,4600.0,Ascent,-1,Lotus,1,None,0
670468,2026-06-16 00:00:00,Xi Lai Gaming,EDward Gaming,198.39244791666664,0.7110807291666666,0.014724392361111116,4200.0,208.7625,0.7482083333333334,0.008347409909909908,20000.0,Lotus,1,Breeze,0,Split,0
670469,2026-06-16 03:15:00,Paper Rex,Team Vitality,218.00625,0.7789166666666667,0.01032986111111111,4133.333333333333,212.8005208333333,0.740338671875,0.021400129434737854,4333.333333333333,Breeze,-1,Split,1,Fracture,0
670475,2026-06-17 00:00:00,Xi Lai Gaming,LEVIATÁN,185.362890625,0.69820703125,-0.006526692708333333,4733.333333333333,202.47328124999999,0.7375361979166666,0.02635863482591198,3600.0,Haven,-1,Lotus,1,None,0
670474,2026-06-17 02:05:00,Team Vitality,FUT Esports,200.43359375,0.6888360026041667,-0.00041104639374218294,4066.6666666666665,205.498828125,0.7143854166666668,0.0027238205937234155,4200.0,Lotus,1,Ascent,-1,None,0
686192,2026-06-17 18:00:00,Gen.G Global Academy,ONSIDE GAMING,216.73333333333335,0.7478333333333333,0.02923881673881673,4200.0,200.0,0.7,0.0,20000.0,Fracture,1,Breeze,0,None,0
686193,2026-06-17 20:45:00,So:sweet,Dplus Esports,190.26666666666668,0.6486666666666666,-0.015765765765765764,20000.0,200.0,0.7,0.0,20000.0,Ascent,0,Breeze,0,None,0
684629,2026-06-17 21:00:00,555,Jade Lions,210.97291666666666,0.7604375,0.01589455409356725,4466.666666666667,208.6291666666667,0.7535104166666666,0.014980004042504044,4000.0,Breeze,-1,Haven,1,Split,0
681930,2026-06-18 06:00:00,MIBR Academy,F4TALITY,209.81041666666664,0.7433333333333334,0.020830236486486485,4533.333333333333,180.60833333333335,0.6708333333333334,0.0048611111111111095,4666.666666666667,Haven,0,Lotus,0,None,0
681931,2026-06-19 06:00:00,INTZ,TEAM EGO,206.6,0.75725,0.014583333333333332,3933.3333333333335,174.2,0.6455,-0.035416666666666666,3800.0,Fracture,0,Lotus,0,None,0
681934,2026-06-19 07:40:00,RED Canids,LA MASIA,197.45,0.6965,0.0031250000000000028,4200.0,208.24375,0.76253125,0.03072916666666667,4066.6666666666665,Ascent,0,Split,0,None,0
676918,2026-06-19 08:00:00,LEVIATÁN Academy,ShindeN,175.7,0.6391458333333333,-0.03046875,3866.6666666666665,189.38333333333335,0.7225833333333334,-0.01911111111111111,4466.666666666667,Pearl,0,Haven,0,None,0
678052,2026-06-19 08:00:00,FUEGO,Contra,190.303125,0.805578125,0.016666666666666663,4200.0,182.72395833333331,0.8169895833333334,0.031203265765765764,20000.0,Pearl,0,Ascent,0,Fracture,0
688234,2026-06-19 08:00:00,M80,SaD Esports,213.22645833333337,0.7833322916666667,0.026009615384615388,4666.666666666667,204.6375,0.7443958333333333,0.012419871794871792,4266.666666666667,Lotus,1,Fracture,-1,Ascent,0
688235,2026-06-19 08:00:00,YFT,NRG Academy,216.1359375,0.7498385416666667,0.023002203525641026,4200.0,201.00833333333335,0.7129583333333332,0.0008413461538461523,4000.0,Haven,-1,Breeze,1,Lotus,0
678053,2026-06-19 11:00:00,Stray Cats,LAZER,139.79375,0.53,-0.07239583333333334,3400.0,166.60833333333332,0.6376875,-0.01725853978978979,20000.0,Lotus,0,Fracture,0,None,0
670470,2026-06-19 23:00:00,EDward Gaming,Paper Rex,202.94791666666669,0.7471041666666667,0.018062593843843844,20000.0,216.93645833333335,0.7754583333333334,0.016276041666666668,3800.0,Breeze,-1,Fracture,0,Split,0
670476,2026-06-20 02:35:00,Team Vitality,LEVIATÁN,219.566796875,0.7869180013020833,0.01646114346979558,3866.6666666666665,219.136640625,0.7797680989583333,0.03401265074628933,3466.6666666666665,Lotus,1,Split,-1,None,0
670477,2026-06-20 23:00:00,EDward Gaming,LEVIATÁN,195.040625,0.67321875,-0.002507164616539616,20000.0,220.31832031250002,0.7973840494791666,0.04617299203981133,3733.3333333333335,Haven,-1,Pearl,0,Split,-1
