patch,agent,pre_patch_matches,post_patch_matches,old_delta,blops_delta,model_a_error,model_b_error,model_c_error
6.11,Raze,40,10,0.0,0.0,49.300893996056836,49.300893996056836,49.300893996056836
6.11,Breach,35,16,0.0,0.0,55.72848320820525,55.72848320820525,55.72848320820525
6.11,Skye,43,13,0.0,0.0,51.48875557886485,51.48875557886485,51.48875557886485
6.11,Killjoy,49,26,0.0,0.0,43.17393393527391,43.17393393527391,43.17393393527391
6.11,Omen,28,22,0.0,0.0,49.430336450449,49.430336450449,49.430336450449
6.11,Jett,40,21,0.0,0.0,78.4074748590064,78.4074748590064,78.4074748590064
6.11,Sova,14,15,0.0,0.0,55.200004243047,55.200004243047,55.200004243047
6.11,Astra,15,8,0.0,0.0,65.91560916250384,65.91560916250384,65.91560916250384
6.11,Kayo,8,9,0.0,0.0,36.247902356627954,36.247902356627954,36.247902356627954
6.11,Sage,4,2,0.0,0.0,50.196355540052906,50.196355540052906,50.196355540052906
6.11,Fade,11,4,0.0,0.0,55.10838039314286,55.10838039314286,55.10838039314286
6.11,Phoenix,0,1,0.0,0.0,71.0,71.0,71.0
6.11,Cypher,9,8,0.0,0.0,41.74938804296614,41.74938804296614,41.74938804296614
6.11,Viper,36,5,0.0,0.0,50.49767581884759,50.49767581884759,50.49767581884759
6.11,Brimstone,18,3,0.0,0.0,24.1247406074323,24.1247406074323,24.1247406074323
6.11,Yoru,1,2,0.0,0.0,79.65,79.65,79.65
6.11,Harbor,9,2,0.0,0.0,30.91984703086662,30.91984703086662,30.91984703086662
6.11,Neon,6,3,0.0,0.0,30.258546280864795,30.258546280864795,30.258546280864795
7.02,Killjoy,26,5,0.0,0.0,47.08580154325502,47.08580154325502,47.08580154325502
7.02,Sova,15,3,0.0,0.0,44.08428532641969,44.08428532641969,44.08428532641969
7.02,Kayo,9,3,0.0,0.0,64.67999450698515,64.67999450698515,64.67999450698515
7.02,Jett,21,3,0.0,0.0,35.42067751230678,35.42067751230678,35.42067751230678
7.02,Omen,22,5,0.0,0.0,17.686595294741135,17.686595294741135,17.686595294741135
7.02,Reyna,0,1,0.0,0.0,14.400000000000006,14.400000000000006,14.400000000000006
7.02,Skye,13,1,0.0,0.0,77.22080865810813,77.22080865810813,77.22080865810813
7.02,Harbor,2,1,0.0,0.0,55.220690749149895,55.220690749149895,55.220690749149895
7.02,Raze,10,3,0.0,0.0,57.42455866292271,57.42455866292271,57.42455866292271
7.02,Viper,5,3,0.0,0.0,56.177430973816136,56.177430973816136,56.177430973816136
7.02,Fade,4,2,0.0,0.0,6.103046333639185,6.103046333639185,6.103046333639185
12.0,Omen,5,31,0.0,0.0,32.42333983721828,32.42333983721828,32.42333983721828
12.0,Viper,3,34,0.0,0.0,26.800322202254474,26.800322202254474,26.800322202254474
12.0,Sova,3,34,0.0,0.0,25.602733804614406,25.602733804614406,25.602733804614406
12.0,Jett,3,4,0.0,0.0,35.841666903212115,35.841666903212115,35.841666903212115
12.0,Kayo,3,8,0.0,0.0,54.364757800697625,54.364757800697625,54.364757800697625
12.0,Neon,0,22,0.0,0.0,29.079906413517996,29.079906413517996,29.079906413517996
12.0,Brimstone,0,5,0.0,0.0,30.89809306802575,30.89809306802575,30.89809306802575
12.0,Yoru,0,38,0.0,0.0,42.183095389066935,42.183095389066935,42.183095389066935
12.0,Astra,0,30,0.0,0.0,30.47460817570333,30.47460817570333,30.47460817570333
12.0,Killjoy,5,8,0.0,0.0,21.295833333333338,21.295833333333338,21.295833333333338
12.0,Waylay,0,26,0.0,0.0,36.73759730619833,36.73759730619833,36.73759730619833
12.0,Fade,2,23,0.0,0.0,27.030362863385538,27.030362863385538,27.030362863385538
12.0,Chamber,0,6,0.0,0.0,31.76686224075878,31.76686224075878,31.76686224075878
12.0,Cypher,0,6,0.0,0.0,40.70520547303692,40.70520547303692,40.70520547303692
12.0,Breach,0,4,0.0,0.0,26.167917458301666,26.167917458301666,26.167917458301666
12.0,Tejo,0,5,0.0,0.0,40.72971044941762,40.72971044941762,40.72971044941762
12.0,Veto,0,8,0.0,0.0,38.91295183097044,38.91295183097044,38.91295183097044
12.0,Raze,3,3,0.0,0.0,44.57190164330847,44.57190164330847,44.57190164330847
12.0,Skye,1,3,0.0,0.0,27.755479599357784,27.755479599357784,27.755479599357784
12.0,Phoenix,0,7,0.0,0.0,23.120601700307937,23.120601700307937,23.120601700307937
12.0,Sage,0,2,0.0,0.0,45.57857258622893,45.57857258622893,45.57857258622893
12.0,Vyse,0,3,0.0,0.0,43.017009191457475,43.017009191457475,43.017009191457475
12.02,Raze,3,12,0.0,0.0,31.384802722550933,31.384802722550933,31.384802722550933
12.02,Sova,34,16,0.0,0.0,23.04456036298973,23.04456036298973,23.04456036298973
12.02,Yoru,38,32,0.0,0.0,41.255351689138564,41.255351689138564,41.255351689138564
12.02,Brimstone,5,5,0.0,0.0,21.35444582423063,21.35444582423063,21.35444582423063
12.02,Viper,34,23,0.0,0.0,36.4028654852333,36.4028654852333,36.4151641787008
12.02,Skye,3,5,0.0,0.0,44.347609177351664,44.347609177351664,44.347609177351664
12.02,Waylay,26,8,0.0,0.0,35.95858009522058,35.95858009522058,35.95858009522058
12.02,Vyse,3,1,0.0,0.0,47.19999999999999,47.19999999999999,47.19999999999999
12.02,Kayo,8,3,0.0,0.0,22.674803104177396,22.674803104177396,22.674803104177396
12.02,Omen,31,22,0.0,0.0,35.14702380629675,35.14702380629675,35.22388499190213
12.02,Fade,23,17,0.0,0.0,40.31605257342886,40.31605257342886,40.31605257342886
12.02,Astra,30,13,0.0,0.0,33.25845648102126,33.25845648102126,34.76172759512128
12.02,Veto,8,5,0.0,0.0,52.45333333333333,52.45333333333333,52.45333333333333
12.02,Neon,22,13,0.0,0.0,33.399487460678344,33.399487460678344,33.399487460678344
12.02,Tejo,5,4,0.0,0.0,22.362670309543894,22.362670309543894,22.362670309543894
12.02,Killjoy,8,5,0.0,0.0,43.10021946100439,43.10021946100439,43.10021948566438
12.02,Harbor,0,1,0.0,0.29236730822874923,31.963340073663176,31.963340073663176,31.963340073663176
12.02,Jett,4,4,0.0,0.0,28.52301923750258,28.52301923750258,28.523019237718223
12.02,Sage,2,2,0.0,0.0,27.126605342798563,27.126605342798563,27.126605342798563
12.02,Cypher,6,6,0.0,0.0,49.16009729318197,49.16009729318197,49.16009729318197
12.02,Chamber,6,3,0.0,0.0,55.70611960582235,55.70611960582235,55.70611960582235
12.03,Cypher,6,6,0.0,0.0,31.462803051022746,31.462803051022746,31.462803051022746
12.03,Sova,16,25,0.0,0.0,31.49739347160507,31.49739347160507,31.49739347160507
12.03,Yoru,32,33,0.0,0.0,32.010518195056676,32.010518195056676,32.010518195056676
12.03,Neon,13,28,0.0,0.0,34.15612065285244,34.15612065285244,34.15612065285244
12.03,Astra,13,17,0.0,0.0,39.799615566385334,39.799615566385334,39.799615566385334
12.03,Chamber,3,5,0.0,0.0,45.136514436856814,45.136514436856814,45.136514436856814
12.03,Omen,22,28,0.0,0.0,30.098174180026064,30.098174180026064,30.098174178907254
12.03,Viper,23,33,0.0,0.0,29.939839420036456,29.939839420036456,29.939839420126752
12.03,Killjoy,5,5,0.0,0.0,48.516892668538894,48.516892668538894,48.516892668538894
12.03,Fade,17,19,0.0,0.0,28.622548172717256,28.622548172717256,28.622548170507535
12.03,Waylay,8,12,0.0,0.0,34.86659591980954,34.86659591980954,34.86659591980954
12.03,Raze,12,5,0.0,0.0,37.75963057834843,37.75963057834843,37.75963056454149
12.03,Jett,4,3,0.0,0.0,37.7168602671265,37.7168602671265,37.71686026808908
12.03,Skye,5,6,0.0,0.0,27.441494337591312,27.441494337591312,27.441494337591312
12.03,Harbor,1,2,0.0,0.0,23.172820691319146,23.172820691319146,23.172820691319146
12.03,Brimstone,5,4,0.0,0.0,29.260101405493437,29.260101405493437,29.260101405493437
12.03,Phoenix,0,3,0.0,0.0,38.482391555575646,38.482391555575646,38.482391555575646
12.03,Tejo,4,2,0.0,0.0,31.2711108784776,31.2711108784776,31.2711108784776
12.03,Vyse,1,4,0.0,0.0,17.783935572872714,17.783935572872714,17.783935572872714
12.05,Viper,33,19,0.0,0.0,38.83885443753977,38.83885443721393,38.83885443724141
12.05,Neon,28,41,0.0,0.0,32.077539701418004,32.07753970182942,32.077539701829636
12.05,Sova,25,14,0.0,0.0,18.941483001010244,18.941483001010244,18.941483001408397
12.05,Iso,0,1,0.0,0.0,10.772589661478406,10.77258963760795,10.77258963760795
12.05,Harbor,2,2,0.0,0.0,27.13187981437116,27.131879830144875,27.131879830144875
12.05,Cypher,6,11,0.0,0.0,26.68078986732955,26.68078986732955,26.68078986732955
12.05,Kayo,0,4,0.0,0.0,15.495234525837738,15.495234525837738,15.495234525837738
12.05,Skye,6,18,0.0,0.04937500000000006,31.4689009783891,31.468900978844367,31.459217996602167
12.05,Astra,17,22,0.0,0.0,34.56210300160968,34.56210300071176,34.56210300071176
12.05,Phoenix,3,12,0.0,0.0,47.23197663243536,47.23197663243536,47.23197663243536
12.05,Killjoy,5,11,0.0,0.0,43.13621159810375,43.13621160088301,43.06501847214709
12.05,Omen,28,20,0.0,0.0,27.083212336754134,27.08321233693386,27.08321233626803
12.05,Jett,3,5,0.0,0.0,38.81182341869625,38.81182342031903,38.81182342031903
12.05,Fade,19,15,0.0,0.0,26.239751350195682,26.239751350195682,26.239751350195682
12.05,Vyse,4,2,0.0,0.0,52.22642657596069,52.22642657596069,52.22642657596069
12.05,Tejo,2,4,0.0,0.0,17.181619693722865,17.181619693722865,17.181619693722865
12.05,Waylay,12,16,0.0,0.0,27.314006500765096,27.314006500765096,27.314006500765096
12.05,Brimstone,4,9,0.0,0.0,36.5351627980565,36.53516279873272,36.53516279948864
12.05,Yoru,33,1,0.0,0.09750000000000003,91.5,91.5,91.5
12.05,Gekko,0,1,0.0,0.0,65.74980442816982,65.74980442816982,65.74980442816982
12.05,Deadlock,0,3,0.0,0.0,29.773259685997562,29.773259685997562,29.773259685997562
12.05,Chamber,5,13,0.0,0.0,40.12114813753208,40.121148138136654,40.121148138136654
12.05,Raze,5,8,0.0,0.0,44.58807727295925,44.58807727295925,44.58807727409599
12.05,Breach,0,5,0.0,0.0,26.351843592478,26.351843592478,26.351843592478
12.05,Veto,0,2,0.0,0.0,44.447277490277116,44.447277490277116,44.447277490277116
12.05,Sage,0,1,0.0,0.07269494811630228,89.7615944078276,90.32090996401263,90.32090996401263
12.06,Raze,8,42,0.0,0.0,37.26501761938629,37.134509706398795,37.18630147915328
12.06,Neon,41,147,0.0,0.0,36.20296581477959,36.237009311567796,36.23700931156782
12.06,Fade,15,59,0.0,0.0,36.99130458797123,36.94001877431511,36.94001877433737
12.06,Astra,22,44,0.0,0.0,33.797223941643544,33.83913069828293,33.83913069880256
12.06,Viper,19,105,0.0,0.024843749999999942,37.2119183067996,37.2117943256834,37.224543764112745
12.06,Cypher,11,29,0.0,0.0,34.880821366844245,34.78525534023315,34.78525534023315
12.06,Phoenix,12,37,0.0,0.0,35.31140414724577,35.180297223607276,35.180297223607276
12.06,Sova,14,61,0.0,0.0,34.38019676249382,34.32863030858194,34.30944842201427
12.06,Waylay,16,18,0.0,0.025000000000000022,38.35851641218062,38.410516281107206,38.38899443443545
12.06,Skye,18,47,0.0,0.0,37.270260819741054,37.286445421380954,37.27220582351952
12.06,Omen,20,93,0.0,0.0,30.500503663508077,30.50955370276029,30.509553703294916
12.06,Killjoy,11,14,0.0,0.0,35.038834263964866,35.034581552828875,35.050566264760015
12.06,Harbor,2,15,0.0,0.0,31.619701578014322,31.427273536956665,31.363468042809398
12.06,Chamber,13,27,0.0,0.0,35.64632256919425,35.82768376099357,35.82768376099357
12.06,Brimstone,9,21,0.0,0.0,37.0474218821272,37.07383645742307,37.07383645742307
12.06,Breach,5,6,0.0,0.0,27.64477767253658,27.73846618583805,27.73846618583805
12.06,Veto,2,4,0.0,0.0,76.92561093792594,77.42089897311035,77.42089897311035
12.06,Vyse,2,31,0.0,0.0,32.5815575910811,32.6241061027755,32.6241061027755
12.06,Kayo,4,12,0.0,0.0,28.314975090714672,28.23148342069523,28.23148342069523
12.06,Tejo,4,10,0.0,0.0,29.754110736387542,29.65997126190205,29.65997126190205
12.06,Jett,5,19,0.0,0.0,45.59040655271202,45.448936849603975,45.44893685025036
12.06,Sage,1,9,0.0,0.0,45.93845436201596,45.853150610576286,46.75366047198645
12.06,Iso,1,1,0.0,0.0,9.833333333333314,9.833333333333314,9.833333333333314
12.06,Deadlock,3,1,0.0,0.0,10.861695929384268,10.281967575385721,10.281967575385721
12.07,Fade,59,85,0.0,0.0,39.23663015876143,39.21638360606029,39.21638360603189
12.07,Neon,147,176,0.0,0.0,35.819533939615624,35.82395017984583,35.82395017984583
12.07,Vyse,31,45,0.0,0.0,28.74464190218952,28.819768278885032,28.819768278885032
12.07,Kayo,12,8,0.0,0.0,38.309438706945464,38.460580897212566,38.460580897212566
12.07,Omen,93,129,0.0,0.0,31.598328594507635,31.594782689999246,31.594782689998784
12.07,Sova,61,54,0.0,0.0,34.69325397998739,34.60953955339659,34.60953955367119
12.07,Jett,19,17,0.0,0.0,41.57571938564363,41.55661470647389,41.556614706456244
12.07,Cypher,29,46,0.0,0.0,33.55903324506438,33.67762109704936,33.67762109666551
12.07,Viper,105,90,0.0,0.0,33.752731472570936,33.706516123134755,33.694715112324175
12.07,Skye,47,44,0.0,0.0,33.651049075305934,33.646448518209226,33.612623510277025
12.07,Veto,4,5,0.0,0.0,55.32201100890779,54.94329872961271,54.94329872961271
12.07,Chamber,27,27,0.0,0.0,41.82732390702719,41.760726403602014,41.760726403602014
12.07,Raze,42,44,0.0,0.0,46.79140678636167,46.89906307632845,46.86949969243756
12.07,Tejo,10,17,0.0,0.0,25.763625943985435,25.81318692223615,25.81318692223615
12.07,Astra,44,25,0.0,0.0,40.78230820901354,40.7885083825553,40.7885083825553
12.07,Waylay,18,36,0.0,0.0,37.928329635672554,37.89991301728059,37.91573737866386
12.07,Killjoy,14,18,0.0,0.0,23.55773404770812,23.468306813835632,23.46958376338293
12.07,Brimstone,21,39,0.0,0.0,35.62332710472623,35.65512403244583,35.65512403244583
12.07,Breach,6,20,0.0,0.0,28.381829341993694,28.348856531185525,28.348856531185525
12.07,Phoenix,37,27,0.0,0.0,39.52381424558881,39.53577163581091,39.53577163581091
12.07,Harbor,15,6,0.0,0.0,25.79979185019675,25.67602022112162,25.67602022112162
12.07,Iso,1,3,0.0,0.0,47.966043234245085,48.0198708799488,48.0198708799488
12.07,Sage,9,4,0.0,0.0,51.7868571275458,51.696353548584476,51.696353548584476
12.07,Deadlock,1,2,0.0,0.0,24.27486944586306,24.298046826119034,24.298046826119034
12.07,Gekko,0,2,0.0,0.0,8.461437891328657,9.02442787172457,9.02442787172457
12.07,Reyna,0,1,0.0,0.0,40.05689283337776,40.05689283337776,40.05689283337776
12.07,Yoru,0,2,0.0,0.0,27.062248202233064,27.26658859949717,28.092612505693822
12.08,Vyse,45,67,0.0,0.0,28.32010428254973,28.32051107101002,28.32051107101002
12.08,Neon,176,230,0.0,0.0,35.78263461194071,35.80550890374414,35.80550890374443
12.08,Chamber,27,42,0.0,0.0,29.39315438567462,29.436443619662246,29.436443619662246
12.08,Omen,129,206,0.0,0.0,32.495084833722565,32.47222745658554,32.47222745659431
12.08,Fade,85,123,0.0,0.0,32.13695483821723,32.12121392198892,32.121213921991725
12.08,Sova,54,115,0.0,0.0,30.43289012397042,30.439116312516113,30.439507289204958
12.08,Cypher,46,82,0.0,0.0,31.001914119250458,31.043841331573027,31.043841331877207
12.08,Jett,17,71,0.0,0.0,34.70069744685387,34.811963032115756,34.81196303204758
12.08,Waylay,36,30,0.0,0.0,31.77923630191272,31.793688884180536,31.775377538560278
12.08,Viper,90,118,0.0,0.0,32.11021866832179,32.08527753900014,32.08795893706234
12.08,Astra,25,55,0.0,0.0,28.4927773270477,28.478446814532703,28.478446814532703
12.08,Raze,44,69,0.0,0.0,34.06375727938798,34.0074144384231,34.00741443843228
12.08,Skye,44,50,0.0,0.0,26.921153828954292,26.864612109354162,26.89802459523877
12.08,Phoenix,27,88,0.0,0.0,31.060504480368987,31.113292297767977,31.113292297767977
12.08,Brimstone,39,17,0.0,0.0,40.765150497119,40.773713981612744,40.773713981612744
12.08,Breach,20,7,0.0,0.0,45.53036983238133,45.49285146110263,45.49285146110263
12.08,Harbor,6,22,0.0,0.0,41.64229162059564,41.62110831166411,41.62110831166411
12.08,Kayo,8,28,0.0,0.0,27.129191202007252,27.142771323657232,27.142771323657232
12.08,Tejo,17,15,0.0,0.0,40.379385783015664,40.45654151668867,40.45654151668867
12.08,Killjoy,18,19,0.0,0.0,26.313913776559072,26.410260435798545,26.411293394643977
12.08,Veto,5,2,0.0,0.0,92.43958459943639,92.23232327474419,92.23232327474419
12.08,Sage,4,11,0.0,0.0,24.46399444049141,24.56147924087659,24.56147924087659
12.08,Deadlock,2,1,0.0,0.0,11.297796590912412,11.398708918054979,11.398708918054979
12.08,Yoru,2,2,0.0,0.0,25.07546310516132,25.418964474067437,25.221719165363822
12.08,Clove,0,2,0.0,0.0,45.42926581171493,45.30930543374022,45.30930543374022
12.08,Iso,3,5,0.0,0.0,29.521723323359474,29.62230811266433,29.62230811266433
12.08,Miks,0,1,0.0,0.0,13.457204670151867,12.885849441501392,12.885849441501392
12.09,Omen,206,188,0.0,0.0,33.74698885491098,33.713409185941764,33.713409185823
12.09,Cypher,82,75,0.0,0.0,38.959468024228805,39.059603186065075,39.059603186065075
12.09,Astra,55,64,0.0,0.0,38.33532169923211,38.522853407249116,38.522853407249116
12.09,Breach,7,12,0.0,0.0,23.41974331806927,23.47060196830161,23.47060196830161
12.09,Neon,230,73,0.0,0.2821983194444444,47.502034334334866,47.423551851124394,47.735015782579794
12.09,Chamber,42,36,0.0,0.0,34.11072440104185,34.00655845062289,34.00655845062289
12.09,Fade,123,104,0.0,0.0,33.642464062350236,33.67701012774178,33.67701012774178
12.09,Viper,118,109,0.0,0.0,36.09544206834587,36.09518402505158,36.096500577736045
12.09,Raze,69,77,0.0,0.0,40.776494183109676,40.75972432921447,40.75972432922218
12.09,Jett,71,126,0.0,0.0,42.95802230600097,43.009909607821605,43.009909607858226
12.09,Skye,50,37,0.0,0.0,33.10000212045222,33.0625047331886,33.062504733253114
12.09,Brimstone,17,18,0.0,0.0,40.80216851441915,40.838015434332156,40.838015434332156
12.09,Waylay,30,49,0.0,0.0,44.58325980965173,44.75490109277301,44.75490109277301
12.09,Tejo,15,15,0.0,0.0,24.010083852360697,24.250409804220673,24.250409804220673
12.09,Phoenix,88,88,0.0,0.0,42.51767689899216,42.54152367675114,42.54152367675114
12.09,Sova,115,133,0.0,0.0,32.52593564641405,32.53269131430575,32.53269131430415
12.09,Vyse,67,72,0.0,0.0,37.575486133381844,37.69144077627174,37.69144077627174
12.09,Killjoy,19,35,0.0,0.0,46.541021885178885,46.66270126784666,46.66229859888307
12.09,Kayo,28,28,0.0,0.0,34.850684528818434,34.89234763703236,34.89234763703236
12.09,Harbor,22,31,0.0,0.0,31.049002256008638,31.177449609498513,31.177449609498513
12.09,Iso,5,8,0.0,0.0,46.4686607576047,46.530368643286536,46.530368643286536
12.09,Deadlock,1,9,0.0,0.0,47.82040067122702,47.9709108367647,47.9709108367647
12.09,Sage,11,9,0.0,0.0,27.346852984404748,27.33045088797602,27.33045088797602
12.09,Reyna,0,6,0.0,0.0,39.887395830495954,39.73260154718968,39.73260154718968
12.09,Clove,2,4,0.0,0.0,58.581064146431075,58.321588177304,58.321588177304
12.09,Yoru,2,4,0.0,0.0,74.70994123919456,74.70994123919456,74.70994123919456
12.09,Veto,2,1,0.0,0.0,12.862929486291307,12.92682843740846,12.92682843740846
12.10,Chamber,36,10,0.0,0.0,25.723932384484556,25.826967189796996,25.826967189796996
12.10,Viper,109,33,0.0,0.0,23.955905728171093,23.904848421108454,23.909398191651228
12.10,Raze,77,24,0.0,0.0,51.127823306677676,51.10919793312845,51.109197933302994
12.10,Fade,104,32,0.0,0.0,26.948349308880026,26.858083844367297,26.858083844367297
12.10,Omen,188,51,0.0,0.0,35.416031412038656,35.3565899052632,35.3565899055158
12.10,Vyse,72,18,0.0,0.0,32.47235338809054,32.42037984533003,32.42037984533003
12.10,Astra,64,12,0.0,0.0,30.337165961557073,30.462644114877474,30.462644114877474
12.10,Skye,37,11,0.0,0.0,29.624651252947118,29.507771773949376,29.492329939434224
12.10,Jett,126,44,0.0,0.0,35.09987254819931,35.2053217359574,35.205321735916456
12.10,Harbor,31,15,0.0,0.0,19.392223806642626,19.54247739683239,19.54247739683239
12.10,Iso,8,1,0.0,0.0,71.27221102021483,71.27221102021483,71.27221102021483
12.10,Sova,133,45,0.0,0.0,27.28083722214393,27.26587047503029,27.265870475028127
12.10,Kayo,28,10,0.0,0.0,29.196131751678298,29.082251706790146,29.082251706790146
12.10,Neon,73,33,0.0,0.0,37.11814763852748,37.136728906238325,37.45504764336499
12.10,Brimstone,18,11,0.0,0.0,37.753894951874074,37.789600609556025,37.789600609556025
12.10,Cypher,75,41,0.0,0.0,30.258171265647405,30.306272009038462,30.306272009038462
12.10,Breach,12,8,0.0,0.0,38.87793133844827,38.81271002973892,38.81271002973892
12.10,Phoenix,88,36,0.0,0.0,26.735352446287916,26.749929986900504,26.749929986900504
12.10,Tejo,15,4,0.0,0.0,12.835181780203541,12.716699663153477,12.716699663153477
12.10,Waylay,49,15,0.0,0.0,32.77938376463594,32.72233535486849,32.72248482465431
12.10,Reyna,6,1,0.0,0.0,47.90523160968377,48.66537460487925,48.66537460487925
12.10,Sage,9,7,0.0,0.0,19.546550182509204,19.225934944276567,19.225934944276567
12.10,Deadlock,9,4,0.0,0.0,24.201383708364965,24.263863538855603,24.263863538855603
12.10,Yoru,4,1,0.0,0.0,6.316887613897137,6.7550939356154345,5.33515329337618
12.10,Killjoy,35,2,0.0,0.0,31.08818340535781,31.115137638206036,31.115137638206036
12.10,Veto,1,1,0.0,0.0,16.0,16.0,16.0
12.10,Clove,4,1,0.0,0.0,66.38606760517354,66.76259753996442,66.76259753996442
12.11,Jett,44,5,0.0,0.0,37.50900590354162,37.8663158899305,37.8663158899305
12.11,Sova,45,5,0.0,0.0,32.79130985195724,32.9093690572903,32.9093690572903
12.11,Harbor,15,4,0.0,0.0,38.64662716439557,38.19254251466066,38.19254251466066
12.11,Viper,33,4,0.0,0.0,47.08134215953088,47.40817652321939,47.40817652321939
12.11,Phoenix,36,7,0.0,0.0,31.884338550940413,31.44523106082651,31.44523106082651
12.11,Waylay,15,2,0.0,0.0,27.092041896184398,27.301161948926634,27.301161948926634
12.11,Astra,12,5,0.0,0.0,30.533884831605214,30.515393247920343,30.515393247920343
12.11,Kayo,10,1,0.0,0.0,25.863213767604776,25.647143479564562,25.647143479564562
12.11,Neon,33,3,0.0,0.0,62.02759005870865,61.90881003727969,62.43929717967819
12.11,Fade,32,5,0.0,0.0,46.070033303429746,45.357052036758816,45.357052036758816
12.11,Chamber,10,4,0.0,0.0,28.66649740215139,29.91858580492252,29.91858580492252
12.11,Omen,51,2,0.0,0.0,44.91365245401887,44.91365245401887,44.91365245401887
12.11,Vyse,18,1,0.0,0.0,63.18084548015588,63.47923144159074,63.47923144159074
12.11,Killjoy,2,1,0.0,0.0,42.34369697762605,44.02259807564184,44.02259807564184
12.11,Cypher,41,1,0.0,0.0,4.77448845262748,4.1733088547114505,4.1733088547114505
12.11,Raze,24,1,0.0,0.0,67.17752132219869,66.69070264383416,66.69070264383416
